,Unnamed: 0,date,rank,song,artist,gender,genre,genres
0,0,2021,1,Easy On Me,Adele,,,"['british soul', 'pop', 'pop soul', 'uk pop']"
1,1,2021,2,Stay,The Kid LAROI & Justin Bieber,,,['australian hip hop']
2,2,2021,3,Industry Baby,Lil Nas X & Jack Harlow,,,"['lgbtq+ hip hop', 'pop']"
3,3,2021,4,Fancy Like,Walker Hayes,,,"['contemporary country', 'country', 'country road', 'modern country rock']"
4,4,2021,5,Bad Habits,Ed Sheeran,,,"['pop', 'uk pop']"
5,5,2021,6,Way 2 Sexy,Drake Featuring Future & Young Thug,,,"['canadian hip hop', 'canadian pop', 'hip hop', 'rap', 'toronto rap']"
6,6,2021,7,Shivers,Ed Sheeran,,,"['pop', 'uk pop']"
7,7,2021,8,Good 4 U,Olivia Rodrigo,,,['pop']
8,8,2021,9,Need To Know,Doja Cat,,,"['dance pop', 'pop']"
9,9,2021,10,Levitating,Dua Lipa,,,"['dance pop', 'pop', 'uk pop']"
10,10,2021,11,Essence,Wizkid Featuring Justin Bieber & Tems,,,"['afro dancehall', 'afropop', 'azonto', 'nigerian hip hop', 'nigerian pop']"
11,11,2021,12,Kiss Me More,Doja Cat Featuring SZA,,,"['dance pop', 'pop']"
12,12,2021,13,Heat Waves,Glass Animals,,,"['gauze pop', 'indietronica', 'shiver pop']"
13,13,2021,14,Beggin',Maneskin,,,"['indie rock italiano', 'italian pop']"
14,14,2021,15,Cold Heart (PNAU Remix),Elton John & Dua Lipa,,,"['glam rock', 'mellow gold', 'piano rock']"
15,15,2021,16,You Right,Doja Cat & The Weeknd,,,"['dance pop', 'pop']"
16,16,2021,17,Save Your Tears,The Weeknd & Ariana Grande,,,"['canadian contemporary r&b', 'canadian pop', 'pop']"
17,17,2021,18,If I Didn't Love You,Jason Aldean & Carrie Underwood,,,"['contemporary country', 'country', 'country road']"
18,18,2021,19,Traitor,Olivia Rodrigo,,,['pop']
19,19,2021,20,My Universe,Coldplay x BTS,,,"['permanent wave', 'pop']"
20,20,2021,21,Who Want Smoke??,"Nardo Wick Featuring G Herbo, Lil Durk & 21 Savage",,,['florida rap']
21,21,2021,22,Knife Talk,Drake Featuring 21 Savage & Project Pat,,,"['canadian hip hop', 'canadian pop', 'hip hop', 'rap', 'toronto rap']"
22,22,2021,23,Meet Me At Our Spot,THE ANXIETY: WILLOW & Tyler Cole,,,['modern alternative pop']
23,23,2021,24,Montero (Call Me By Your Name),Lil Nas X,,,"['lgbtq+ hip hop', 'pop']"
24,24,2021,25,Chasing After You,Ryan Hurd With Maren Morris,,,"['contemporary country', 'country pop']"
25,25,2021,26,Girls Want Girls,Drake Featuring Lil Baby,,,"['canadian hip hop', 'canadian pop', 'hip hop', 'rap', 'toronto rap']"
26,26,2021,27,Moth To A Flame,Swedish House Mafia & The Weeknd,,,"['dance pop', 'edm', 'electro house', 'pop', 'pop dance', 'progressive electro house']"
27,27,2021,28,Let's Go Brandon,Bryson Gray Featuring Tyson James & Chandler Crump,,,[]
28,28,2021,29,Thats What I Want,Lil Nas X,,,"['lgbtq+ hip hop', 'pop']"
29,29,2021,30,Pepas,Farruko,,,"['latin', 'reggaeton', 'trap latino']"
30,30,2021,31,Love Nwantiti (Ah Ah Ah),CKay,,,['afro r&b']
31,31,2021,32,Take My Breath,The Weeknd,,,"['canadian contemporary r&b', 'canadian pop', 'pop']"
32,32,2021,33,Happier Than Ever,Billie Eilish,,,"['art pop', 'electropop', 'pop']"
33,33,2021,34,Wockesha,Moneybagg Yo,,,"['hip hop', 'memphis hip hop', 'rap', 'southern hip hop', 'tennessee hip hop', 'trap']"
34,34,2021,35,Better Days,NEIKED X Mae Muller X Polo G,,,"['scandipop', 'tropical house']"
35,35,2021,36,Buy Dirt,Jordan Davis Featuring Luke Bryan,,,['contemporary country']
36,36,2021,37,Ghost,Justin Bieber,,,"['canadian pop', 'pop']"
37,37,2021,38,Lets Go Brandon,Loza Alexander,,,[]
38,38,2021,39,Cold As You,Luke Combs,,,"['contemporary country', 'country']"
39,39,2021,40,A-O-K,Tai Verdes,,,['modern indie pop']
40,40,2021,41,You Should Probably Leave,Chris Stapleton,,,"['contemporary country', 'outlaw country']"
41,41,2021,42,Leave The Door Open,Silk Sonic (Bruno Mars & Anderson .Paak),,,"['dance pop', 'pop']"
42,42,2021,43,Thinking 'Bout You,Dustin Lynch Featuring Lauren Alaina Or MacKenzie Porter,,,"['contemporary country', 'country', 'country road', 'modern country rock']"
43,43,2021,44,Memory I Don't Mess With,Lee Brice,,,"['contemporary country', 'country', 'country road', 'modern country rock']"
44,44,2021,45,Bubbly,Young Thug With Drake & Travis Scott,,,"['atl hip hop', 'atl trap', 'gangster rap', 'hip hop', 'melodic rap', 'pop rap', 'rap', 'trap']"
45,45,2021,46,Wild Side,Normani Featuring Cardi B,,,"['dance pop', 'pop', 'post-teen pop', 'r&b', 'urban contemporary']"
46,46,2021,47,Sharing Locations,Meek Mill Featuring Lil Baby & Lil Durk,,,"['hip hop', 'philly rap', 'pop rap', 'rap', 'southern hip hop', 'trap']"
47,47,2021,48,Gyalis,Capella Grey,,,['pop rap']
48,48,2021,49,I Was On A Boat That Day,Old Dominion,,,"['contemporary country', 'country', 'country road']"
49,49,2021,50,Family Ties,Baby Keem & Kendrick Lamar,,,"['hip hop', 'rap']"
50,50,2021,51,Have Mercy,Chloe,,,[]
51,51,2021,52,Fair Trade,Drake Featuring Travis Scott,,,"['canadian hip hop', 'canadian pop', 'hip hop', 'rap', 'toronto rap']"
52,52,2021,53,Same Boat,Zac Brown Band,,,"['contemporary country', 'country', 'country road', 'modern country rock']"
53,53,2021,54,My Boy,Elvie Shane,,,"['art pop', 'electropop', 'pop']"
54,54,2021,55,Hurricane,Kanye West,,,"['chicago rap', 'rap']"
55,55,2021,56,Chosen,Blxst & Tyga Featuring Ty Dolla $ign,,,['pop rap']
56,56,2021,57,Baddest,"Yung Bleu, Chris Brown & 2 Chainz",,,"['alabama rap', 'pop r&b', 'pop rap', 'r&b', 'trap']"
57,57,2021,58,Knowing You,Kenny Chesney,,,"['contemporary country', 'country', 'country road']"
58,58,2021,59,Memory,Kane Brown X blackbear,,,"['black americana', 'contemporary country', 'country road']"
59,59,2021,60,Cold Beer Calling My Name,Jameson Rodgers Featuring Luke Combs,,,"['contemporary country', 'country', 'country pop']"
60,60,2021,61,Not In The Mood,"Lil Tjay, Fivio Foreign & Kay Flock",,,"['brooklyn drill', 'melodic rap', 'nyc rap']"
61,61,2021,62,Pissed Me Off,Lil Durk,,,"['chicago drill', 'chicago rap', 'drill', 'hip hop', 'rap', 'trap']"
62,62,2021,63,Woman,Doja Cat,,,"['dance pop', 'pop']"
63,63,2021,64,Sand In My Boots,Morgan Wallen,,,['contemporary country']
64,64,2021,65,'Til You Can't,Cody Johnson,,,"['contemporary country', 'country road', 'texas country']"
65,65,2021,66,Love Again,Dua Lipa,,,"['dance pop', 'pop', 'uk pop']"
66,66,2021,67,Whiskey And Rain,Michael Ray,,,"['contemporary country', 'country', 'country pop', 'country road', 'modern country rock']"
67,67,2021,68,One Mississippi,Kane Brown,,,"['black americana', 'contemporary country', 'country road']"
68,68,2021,69,Switches & Dracs,Moneybagg Yo Featuring Lil Durk & EST Gee,,,"['hip hop', 'memphis hip hop', 'rap', 'southern hip hop', 'tennessee hip hop', 'trap']"
69,69,2021,70,Jugaste y Sufri,Eslabon Armado Featuring DannyLux,,,"['corrido', 'corridos tumbados', 'nuevo regional mexicano', 'sierreno']"
70,70,2021,71,Too Easy,Gunna & Future,,,"['atl hip hop', 'hip hop', 'melodic rap', 'rap', 'trap']"
71,71,2021,72,Esta Danada,Ivan Cornejo,,,"['corrido', 'corridos tumbados', 'nuevo regional mexicano']"
72,72,2021,73,Volvi,Aventura x Bad Bunny,,,"['bachata', 'bachata dominicana', 'latin', 'latin hip hop', 'latin pop', 'trap latino', 'tropical']"
73,73,2021,74,Tequila Little Time,Jon Pardi,,,"['contemporary country', 'country', 'country road', 'modern country rock']"
74,74,2021,75,Whole Lotta Money,BIA Featuring Nicki Minaj,,,"['escape room', 'pop', 'r&b', 'rap latina', 'trap queen']"
75,75,2021,76,2055,Sleepy Hallow,,,"['brooklyn drill', 'nyc rap']"
76,76,2021,77,Maybach,42 Dugg Featuring Future,,,"['detroit trap', 'pop rap', 'rap', 'southern hip hop', 'trap']"
77,77,2021,78,WFM,Realestk,,,[]
78,78,2021,79,Poke It Out,Wale Featuring J. Cole,,,"['hip hop', 'pop', 'pop rap', 'r&b', 'rap', 'southern hip hop', 'trap', 'urban contemporary']"
79,79,2021,80,Praise God,Kanye West,,,"['chicago rap', 'rap']"
80,80,2021,81,Lo Siento BB:/,"Tainy, Bad Bunny & Julieta Venegas",,,"['latin', 'latin hip hop', 'latin pop', 'pop reggaeton', 'reggaeton', 'trap latino']"
81,81,2021,82,Freedom Was A Highway,Jimmie Allen & Brad Paisley,,,"['black americana', 'contemporary country', 'country pop']"
82,82,2021,83,For Tonight,Giveon,,,"['pop', 'r&b']"
83,83,2021,84,Thot Shit,Megan Thee Stallion,,,"['houston rap', 'pop', 'trap queen']"
84,84,2021,85,Like A Lady,Lady A,,,"['contemporary country', 'country', 'country dawn', 'country pop', 'country road', 'neo mellow']"
85,85,2021,86,Get Into It (Yuh),Doja Cat,,,"['dance pop', 'pop']"
86,86,2021,87,Scorpio,Moneybagg Yo,,,"['hip hop', 'memphis hip hop', 'rap', 'southern hip hop', 'tennessee hip hop', 'trap']"
87,87,2021,88,Big Energy,Latto,,,"['pop', 'pop r&b', 'pop rap', 'r&b', 'trap queen']"
88,88,2021,89,Half Of My Hometown,Kelsea Ballerini Featuring Kenny Chesney,,,"['contemporary country', 'country', 'pop']"
89,89,2021,90,Money,Lisa,,,['k-pop']
90,90,2021,91,No Friends In The Industry,Drake,,,"['canadian hip hop', 'canadian pop', 'hip hop', 'rap', 'toronto rap']"
92,92,2021,93,Who's In Your Head,Jonas Brothers,,,"['boy band', 'dance pop', 'pop', 'post-teen pop']"
93,93,2021,94,In The Bible,Drake Featuring Lil Durk & Giveon,,,"['canadian hip hop', 'canadian pop', 'hip hop', 'rap', 'toronto rap']"
94,94,2021,95,Just About Over You,Priscilla Block,,,"['contemporary country', 'country pop']"
95,95,2021,96,To Be Loved By You,Parker McCollum,,,"['contemporary country', 'texas country']"
96,96,2021,97,Ain't Shit,Doja Cat,,,"['dance pop', 'pop']"
97,97,2021,98,Life Goes On,Oliver Tree,,,['alternative hip hop']
98,98,2021,99,Come Through,H.E.R. Featuring Chris Brown,,,['melodic rap']
99,99,2021,100,Nevada,YoungBoy Never Broke Again,,,"['baton rouge rap', 'trap']"
100,100,2021,1,Easy On Me,Adele,,,"['british soul', 'pop', 'pop soul', 'uk pop']"
101,101,2021,2,Stay,The Kid LAROI & Justin Bieber,,,['australian hip hop']
102,102,2021,3,Industry Baby,Lil Nas X & Jack Harlow,,,"['lgbtq+ hip hop', 'pop']"
103,103,2021,4,Fancy Like,Walker Hayes,,,"['contemporary country', 'country', 'country road', 'modern country rock']"
104,104,2021,5,Bad Habits,Ed Sheeran,,,"['pop', 'uk pop']"
105,105,2021,6,Way 2 Sexy,Drake Featuring Future & Young Thug,,,"['canadian hip hop', 'canadian pop', 'hip hop', 'rap', 'toronto rap']"
106,106,2021,7,Good 4 U,Olivia Rodrigo,,,['pop']
107,107,2021,8,Levitating,Dua Lipa,,,"['dance pop', 'pop', 'uk pop']"
108,108,2021,9,Shivers,Ed Sheeran,,,"['pop', 'uk pop']"
109,109,2021,10,Kiss Me More,Doja Cat Featuring SZA,,,"['dance pop', 'pop']"
110,110,2021,11,Need To Know,Doja Cat,,,"['dance pop', 'pop']"
111,111,2021,12,Essence,Wizkid Featuring Justin Bieber & Tems,,,"['afro dancehall', 'afropop', 'azonto', 'nigerian hip hop', 'nigerian pop']"
112,112,2021,13,My Universe,Coldplay x BTS,,,"['permanent wave', 'pop']"
113,113,2021,14,Heat Waves,Glass Animals,,,"['gauze pop', 'indietronica', 'shiver pop']"
114,114,2021,15,Beggin',Maneskin,,,"['indie rock italiano', 'italian pop']"
115,115,2021,16,You Right,Doja Cat & The Weeknd,,,"['dance pop', 'pop']"
116,116,2021,17,Save Your Tears,The Weeknd & Ariana Grande,,,"['canadian contemporary r&b', 'canadian pop', 'pop']"
117,117,2021,18,Knife Talk,Drake Featuring 21 Savage & Project Pat,,,"['canadian hip hop', 'canadian pop', 'hip hop', 'rap', 'toronto rap']"
118,118,2021,19,Who Want Smoke??,"Nardo Wick Featuring G Herbo, Lil Durk & 21 Savage",,,['florida rap']
119,119,2021,20,Bubbly,Young Thug With Drake & Travis Scott,,,"['atl hip hop', 'atl trap', 'gangster rap', 'hip hop', 'melodic rap', 'pop rap', 'rap', 'trap']"
120,120,2021,21,Cold Heart (PNAU Remix),Elton John & Dua Lipa,,,"['glam rock', 'mellow gold', 'piano rock']"
121,121,2021,22,Traitor,Olivia Rodrigo,,,['pop']
122,122,2021,23,If I Didn't Love You,Jason Aldean & Carrie Underwood,,,"['contemporary country', 'country', 'country road']"
123,123,2021,24,Montero (Call Me By Your Name),Lil Nas X,,,"['lgbtq+ hip hop', 'pop']"
124,124,2021,25,Chasing After You,Ryan Hurd With Maren Morris,,,"['contemporary country', 'country pop']"
125,125,2021,26,Girls Want Girls,Drake Featuring Lil Baby,,,"['canadian hip hop', 'canadian pop', 'hip hop', 'rap', 'toronto rap']"
126,126,2021,27,Take My Breath,The Weeknd,,,"['canadian contemporary r&b', 'canadian pop', 'pop']"
127,127,2021,28,Thats What I Want,Lil Nas X,,,"['lgbtq+ hip hop', 'pop']"
128,128,2021,29,Pepas,Farruko,,,"['latin', 'reggaeton', 'trap latino']"
129,129,2021,30,Happier Than Ever,Billie Eilish,,,"['art pop', 'electropop', 'pop']"
130,130,2021,31,Love Nwantiti (Ah Ah Ah),CKay,,,['afro r&b']
131,131,2021,32,Meet Me At Our Spot,THE ANXIETY: WILLOW & Tyler Cole,,,['modern alternative pop']
132,132,2021,33,Wockesha,Moneybagg Yo,,,"['hip hop', 'memphis hip hop', 'rap', 'southern hip hop', 'tennessee hip hop', 'trap']"
133,133,2021,34,Buy Dirt,Jordan Davis Featuring Luke Bryan,,,['contemporary country']
134,134,2021,35,Memory I Don't Mess With,Lee Brice,,,"['contemporary country', 'country', 'country road', 'modern country rock']"
135,135,2021,36,A-O-K,Tai Verdes,,,['modern indie pop']
136,136,2021,37,My Boy,Elvie Shane,,,"['art pop', 'electropop', 'pop']"
137,137,2021,38,Ghost,Justin Bieber,,,"['canadian pop', 'pop']"
138,138,2021,39,Pissed Me Off,Lil Durk,,,"['chicago drill', 'chicago rap', 'drill', 'hip hop', 'rap', 'trap']"
139,139,2021,40,You Should Probably Leave,Chris Stapleton,,,"['contemporary country', 'outlaw country']"
140,140,2021,41,Cold As You,Luke Combs,,,"['contemporary country', 'country']"
141,141,2021,42,I Was On A Boat That Day,Old Dominion,,,"['contemporary country', 'country', 'country road']"
142,142,2021,43,Sharing Locations,Meek Mill Featuring Lil Baby & Lil Durk,,,"['hip hop', 'philly rap', 'pop rap', 'rap', 'southern hip hop', 'trap']"
143,143,2021,44,Leave The Door Open,Silk Sonic (Bruno Mars & Anderson .Paak),,,"['dance pop', 'pop']"
144,144,2021,45,Lets Go Brandon,Loza Alexander,,,[]
145,145,2021,46,Gyalis,Capella Grey,,,['pop rap']
146,146,2021,47,Wild Side,Normani Featuring Cardi B,,,"['dance pop', 'pop', 'post-teen pop', 'r&b', 'urban contemporary']"
147,147,2021,48,Fair Trade,Drake Featuring Travis Scott,,,"['canadian hip hop', 'canadian pop', 'hip hop', 'rap', 'toronto rap']"
148,148,2021,49,Leave Before You Love Me,Marshmello X Jonas Brothers,,,"['brostep', 'edm', 'pop', 'pop dance', 'progressive electro house']"
149,149,2021,50,Deja Vu,Olivia Rodrigo,,,['pop']
150,150,2021,51,Thinking 'Bout You,Dustin Lynch Featuring Lauren Alaina Or MacKenzie Porter,,,"['contemporary country', 'country', 'country road', 'modern country rock']"
151,151,2021,52,Family Ties,Baby Keem & Kendrick Lamar,,,"['hip hop', 'rap']"
152,152,2021,53,Have Mercy,Chloe,,,[]
153,153,2021,54,Cold Beer Calling My Name,Jameson Rodgers Featuring Luke Combs,,,"['contemporary country', 'country', 'country pop']"
154,154,2021,55,Same Boat,Zac Brown Band,,,"['contemporary country', 'country', 'country road', 'modern country rock']"
155,155,2021,56,Ex For A Reason,Summer Walker & JT,,,"['pop', 'r&b']"
156,156,2021,57,Better Days,NEIKED X Mae Muller X Polo G,,,"['scandipop', 'tropical house']"
157,157,2021,58,Hurricane,Kanye West,,,"['chicago rap', 'rap']"
158,158,2021,59,Baddest,"Yung Bleu, Chris Brown & 2 Chainz",,,"['alabama rap', 'pop r&b', 'pop rap', 'r&b', 'trap']"
159,159,2021,60,Late At Night,Roddy Ricch,,,"['melodic rap', 'rap', 'trap']"
160,160,2021,61,Love Again,Dua Lipa,,,"['dance pop', 'pop', 'uk pop']"
161,161,2021,62,Memory,Kane Brown X blackbear,,,"['black americana', 'contemporary country', 'country road']"
162,162,2021,63,Chosen,Blxst & Tyga Featuring Ty Dolla $ign,,,['pop rap']
163,163,2021,64,Knowing You,Kenny Chesney,,,"['contemporary country', 'country', 'country road']"
164,164,2021,65,Woman,Doja Cat,,,"['dance pop', 'pop']"
165,165,2021,66,Esta Danada,Ivan Cornejo,,,"['corrido', 'corridos tumbados', 'nuevo regional mexicano']"
166,166,2021,67,WFM,Realestk,,,[]
167,167,2021,68,Livin It Up,Young Thug With Post Malone & A$AP Rocky,,,"['atl hip hop', 'atl trap', 'gangster rap', 'hip hop', 'melodic rap', 'pop rap', 'rap', 'trap']"
168,168,2021,69,Stressed,Young Thug With J. Cole & T-Shyne,,,"['modern rock', 'rock']"
169,169,2021,70,Whole Lotta Money,BIA Featuring Nicki Minaj,,,"['escape room', 'pop', 'r&b', 'rap latina', 'trap queen']"
170,170,2021,71,Too Easy,Gunna & Future,,,"['atl hip hop', 'hip hop', 'melodic rap', 'rap', 'trap']"
171,171,2021,72,2055,Sleepy Hallow,,,"['brooklyn drill', 'nyc rap']"
172,172,2021,73,Lo Siento BB:/,"Tainy, Bad Bunny & Julieta Venegas",,,"['latin', 'latin hip hop', 'latin pop', 'pop reggaeton', 'reggaeton', 'trap latino']"
173,173,2021,74,Sand In My Boots,Morgan Wallen,,,['contemporary country']
174,174,2021,75,Volvi,Aventura x Bad Bunny,,,"['bachata', 'bachata dominicana', 'latin', 'latin hip hop', 'latin pop', 'trap latino', 'tropical']"
175,175,2021,76,'Til You Can't,Cody Johnson,,,"['contemporary country', 'country road', 'texas country']"
176,176,2021,77,Jugaste y Sufri,Eslabon Armado Featuring DannyLux,,,"['corrido', 'corridos tumbados', 'nuevo regional mexicano', 'sierreno']"
177,177,2021,78,Rich N***a Shit,Young Thug With Juice WRLD,,,"['baton rouge rap', 'trap']"
178,178,2021,79,Yonaguni,Bad Bunny,,,"['latin', 'reggaeton', 'trap latino']"
179,179,2021,80,One Mississippi,Kane Brown,,,"['black americana', 'contemporary country', 'country road']"
180,180,2021,81,Whiskey And Rain,Michael Ray,,,"['contemporary country', 'country', 'country pop', 'country road', 'modern country rock']"
181,181,2021,82,Thot Shit,Megan Thee Stallion,,,"['houston rap', 'pop', 'trap queen']"
182,182,2021,83,Tequila Little Time,Jon Pardi,,,"['contemporary country', 'country', 'country road', 'modern country rock']"
183,183,2021,84,Freedom Was A Highway,Jimmie Allen & Brad Paisley,,,"['black americana', 'contemporary country', 'country pop']"
184,184,2021,85,Maybach,42 Dugg Featuring Future,,,"['detroit trap', 'pop rap', 'rap', 'southern hip hop', 'trap']"
185,185,2021,86,Get Into It (Yuh),Doja Cat,,,"['dance pop', 'pop']"
186,186,2021,87,No Friends In The Industry,Drake,,,"['canadian hip hop', 'canadian pop', 'hip hop', 'rap', 'toronto rap']"
187,187,2021,88,For Tonight,Giveon,,,"['pop', 'r&b']"
188,188,2021,89,Praise God,Kanye West,,,"['chicago rap', 'rap']"
189,189,2021,90,Champagne Poetry,Drake,,,"['canadian hip hop', 'canadian pop', 'hip hop', 'rap', 'toronto rap']"
190,190,2021,91,Let Somebody Go,Coldplay X Selena Gomez,,,"['permanent wave', 'pop']"
192,192,2021,93,You Time,Scotty McCreery,,,"['contemporary country', 'country', 'country road', 'modern country rock']"
193,193,2021,94,In The Bible,Drake Featuring Lil Durk & Giveon,,,"['canadian hip hop', 'canadian pop', 'hip hop', 'rap', 'toronto rap']"
194,194,2021,95,Peepin Out The Window,Young Thug With Future & BSlime,,,"['atl hip hop', 'atl trap', 'gangster rap', 'hip hop', 'melodic rap', 'pop rap', 'rap', 'trap']"
195,195,2021,96,Who's In Your Head,Jonas Brothers,,,"['boy band', 'dance pop', 'pop', 'post-teen pop']"
196,196,2021,97,Woo Baby,Pop Smoke Featuring Chris Brown,,,['brooklyn drill']
197,197,2021,98,Flocky Flocky,Don Toliver Featuring Travis Scott,,,"['pop', 'rap', 'trap']"
198,198,2021,99,Like A Lady,Lady A,,,"['contemporary country', 'country', 'country dawn', 'country pop', 'country road', 'neo mellow']"
199,199,2021,100,Just About Over You,Priscilla Block,,,"['contemporary country', 'country pop']"
200,200,2021,1,Industry Baby,Lil Nas X & Jack Harlow,,,"['lgbtq+ hip hop', 'pop']"
201,201,2021,2,Stay,The Kid LAROI & Justin Bieber,,,['australian hip hop']
202,202,2021,3,Fancy Like,Walker Hayes,,,"['contemporary country', 'country', 'country road', 'modern country rock']"
203,203,2021,4,Bad Habits,Ed Sheeran,,,"['pop', 'uk pop']"
204,204,2021,5,Way 2 Sexy,Drake Featuring Future & Young Thug,,,"['canadian hip hop', 'canadian pop', 'hip hop', 'rap', 'toronto rap']"
205,205,2021,6,Good 4 U,Olivia Rodrigo,,,['pop']
206,206,2021,7,Kiss Me More,Doja Cat Featuring SZA,,,"['dance pop', 'pop']"
207,207,2021,8,Levitating,Dua Lipa,,,"['dance pop', 'pop', 'uk pop']"
208,208,2021,9,Essence,Wizkid Featuring Justin Bieber & Tems,,,"['afro dancehall', 'afropop', 'azonto', 'nigerian hip hop', 'nigerian pop']"
209,209,2021,10,Shivers,Ed Sheeran,,,"['pop', 'uk pop']"
210,210,2021,11,Need To Know,Doja Cat,,,"['dance pop', 'pop']"
211,211,2021,12,Heat Waves,Glass Animals,,,"['gauze pop', 'indietronica', 'shiver pop']"
212,212,2021,13,Save Your Tears,The Weeknd & Ariana Grande,,,"['canadian contemporary r&b', 'canadian pop', 'pop']"
213,213,2021,14,Knife Talk,Drake Featuring 21 Savage & Project Pat,,,"['canadian hip hop', 'canadian pop', 'hip hop', 'rap', 'toronto rap']"
214,214,2021,15,Beggin',Maneskin,,,"['indie rock italiano', 'italian pop']"
215,215,2021,16,You Right,Doja Cat & The Weeknd,,,"['dance pop', 'pop']"
216,216,2021,17,Who Want Smoke??,"Nardo Wick Featuring G Herbo, Lil Durk & 21 Savage",,,['florida rap']
217,217,2021,18,My Universe,Coldplay x BTS,,,"['permanent wave', 'pop']"
218,218,2021,19,If I Didn't Love You,Jason Aldean & Carrie Underwood,,,"['contemporary country', 'country', 'country road']"
219,219,2021,20,Montero (Call Me By Your Name),Lil Nas X,,,"['lgbtq+ hip hop', 'pop']"
220,220,2021,21,Traitor,Olivia Rodrigo,,,['pop']
221,221,2021,22,Girls Want Girls,Drake Featuring Lil Baby,,,"['canadian hip hop', 'canadian pop', 'hip hop', 'rap', 'toronto rap']"
222,222,2021,23,Chasing After You,Ryan Hurd With Maren Morris,,,"['contemporary country', 'country pop']"
223,223,2021,24,Take My Breath,The Weeknd,,,"['canadian contemporary r&b', 'canadian pop', 'pop']"
224,224,2021,25,Cold Heart (PNAU Remix),Elton John & Dua Lipa,,,"['glam rock', 'mellow gold', 'piano rock']"
225,225,2021,26,Thats What I Want,Lil Nas X,,,"['lgbtq+ hip hop', 'pop']"
226,226,2021,27,Pepas,Farruko,,,"['latin', 'reggaeton', 'trap latino']"
227,227,2021,28,My Boy,Elvie Shane,,,"['art pop', 'electropop', 'pop']"
228,228,2021,29,Wockesha,Moneybagg Yo,,,"['hip hop', 'memphis hip hop', 'rap', 'southern hip hop', 'tennessee hip hop', 'trap']"
229,229,2021,30,Happier Than Ever,Billie Eilish,,,"['art pop', 'electropop', 'pop']"
230,230,2021,31,Love Nwantiti (Ah Ah Ah),CKay,,,['afro r&b']
231,231,2021,32,Ghost,Justin Bieber,,,"['canadian pop', 'pop']"
232,232,2021,33,Cold Beer Calling My Name,Jameson Rodgers Featuring Luke Combs,,,"['contemporary country', 'country', 'country pop']"
233,233,2021,34,A-O-K,Tai Verdes,,,['modern indie pop']
234,234,2021,35,Memory I Don't Mess With,Lee Brice,,,"['contemporary country', 'country', 'country road', 'modern country rock']"
235,235,2021,36,Sharing Locations,Meek Mill Featuring Lil Baby & Lil Durk,,,"['hip hop', 'philly rap', 'pop rap', 'rap', 'southern hip hop', 'trap']"
236,236,2021,37,I Was On A Boat That Day,Old Dominion,,,"['contemporary country', 'country', 'country road']"
237,237,2021,38,Leave The Door Open,Silk Sonic (Bruno Mars & Anderson .Paak),,,"['dance pop', 'pop']"
238,238,2021,39,Fair Trade,Drake Featuring Travis Scott,,,"['canadian hip hop', 'canadian pop', 'hip hop', 'rap', 'toronto rap']"
239,239,2021,40,Buy Dirt,Jordan Davis Featuring Luke Bryan,,,['contemporary country']
240,240,2021,41,Peaches,Justin Bieber Featuring Daniel Caesar & Giveon,,,"['canadian pop', 'pop']"
241,241,2021,42,Deja Vu,Olivia Rodrigo,,,['pop']
242,242,2021,43,You Should Probably Leave,Chris Stapleton,,,"['contemporary country', 'outlaw country']"
243,243,2021,44,Meet Me At Our Spot,THE ANXIETY: WILLOW & Tyler Cole,,,['modern alternative pop']
244,244,2021,45,Cold As You,Luke Combs,,,"['contemporary country', 'country']"
245,245,2021,46,Gyalis,Capella Grey,,,['pop rap']
246,246,2021,47,Love Again,Dua Lipa,,,"['dance pop', 'pop', 'uk pop']"
247,247,2021,48,Leave Before You Love Me,Marshmello X Jonas Brothers,,,"['brostep', 'edm', 'pop', 'pop dance', 'progressive electro house']"
248,248,2021,49,Family Ties,Baby Keem & Kendrick Lamar,,,"['hip hop', 'rap']"
249,249,2021,50,Hurricane,Kanye West,,,"['chicago rap', 'rap']"
250,250,2021,51,Lo Siento BB:/,"Tainy, Bad Bunny & Julieta Venegas",,,"['latin', 'latin hip hop', 'latin pop', 'pop reggaeton', 'reggaeton', 'trap latino']"
251,251,2021,52,Wild Side,Normani Featuring Cardi B,,,"['dance pop', 'pop', 'post-teen pop', 'r&b', 'urban contemporary']"
252,252,2021,53,Flocky Flocky,Don Toliver Featuring Travis Scott,,,"['pop', 'rap', 'trap']"
253,253,2021,54,Have Mercy,Chloe,,,[]
254,254,2021,55,Thinking 'Bout You,Dustin Lynch Featuring Lauren Alaina Or MacKenzie Porter,,,"['contemporary country', 'country', 'country road', 'modern country rock']"
255,255,2021,56,Baddest,"Yung Bleu, Chris Brown & 2 Chainz",,,"['alabama rap', 'pop r&b', 'pop rap', 'r&b', 'trap']"
256,256,2021,57,Late At Night,Roddy Ricch,,,"['melodic rap', 'rap', 'trap']"
257,257,2021,58,2055,Sleepy Hallow,,,"['brooklyn drill', 'nyc rap']"
258,258,2021,59,Whole Lotta Money,BIA Featuring Nicki Minaj,,,"['escape room', 'pop', 'r&b', 'rap latina', 'trap queen']"
259,259,2021,60,Memory,Kane Brown X blackbear,,,"['black americana', 'contemporary country', 'country road']"
260,260,2021,61,Esta Danada,Ivan Cornejo,,,"['corrido', 'corridos tumbados', 'nuevo regional mexicano']"
261,261,2021,62,Knowing You,Kenny Chesney,,,"['contemporary country', 'country', 'country road']"
262,262,2021,63,Woman,Doja Cat,,,"['dance pop', 'pop']"
263,263,2021,64,Same Boat,Zac Brown Band,,,"['contemporary country', 'country', 'country road', 'modern country rock']"
264,264,2021,65,Chosen,Blxst & Tyga Featuring Ty Dolla $ign,,,['pop rap']
265,265,2021,66,Too Easy,Gunna & Future,,,"['atl hip hop', 'hip hop', 'melodic rap', 'rap', 'trap']"
266,266,2021,67,Volvi,Aventura x Bad Bunny,,,"['bachata', 'bachata dominicana', 'latin', 'latin hip hop', 'latin pop', 'trap latino', 'tropical']"
267,267,2021,68,Easy On Me,Adele,,,"['british soul', 'pop', 'pop soul', 'uk pop']"
268,268,2021,69,Jugaste y Sufri,Eslabon Armado Featuring DannyLux,,,"['corrido', 'corridos tumbados', 'nuevo regional mexicano', 'sierreno']"
269,269,2021,70,Todo de Ti,Rauw Alejandro,,,"['puerto rican pop', 'trap latino']"
270,270,2021,71,Thot Shit,Megan Thee Stallion,,,"['houston rap', 'pop', 'trap queen']"
271,271,2021,72,Sand In My Boots,Morgan Wallen,,,['contemporary country']
272,272,2021,73,Drinkin' Beer. Talkin' God. Amen.,Chase Rice Featuring Florida Georgia Line,,,"['contemporary country', 'country', 'country road', 'modern country rock']"
273,273,2021,74,No Friends In The Industry,Drake,,,"['canadian hip hop', 'canadian pop', 'hip hop', 'rap', 'toronto rap']"
274,274,2021,75,WFM,Realestk,,,[]
275,275,2021,76,Yonaguni,Bad Bunny,,,"['latin', 'reggaeton', 'trap latino']"
276,276,2021,77,Champagne Poetry,Drake,,,"['canadian hip hop', 'canadian pop', 'hip hop', 'rap', 'toronto rap']"
277,277,2021,78,One Mississippi,Kane Brown,,,"['black americana', 'contemporary country', 'country road']"
278,278,2021,79,Get Into It (Yuh),Doja Cat,,,"['dance pop', 'pop']"
279,279,2021,80,You Time,Scotty McCreery,,,"['contemporary country', 'country', 'country road', 'modern country rock']"
280,280,2021,81,Your Heart,Joyner Lucas & J. Cole,,,"['boston hip hop', 'hip hop', 'pop rap', 'rap']"
281,281,2021,82,Whiskey And Rain,Michael Ray,,,"['contemporary country', 'country', 'country pop', 'country road', 'modern country rock']"
282,282,2021,83,In The Bible,Drake Featuring Lil Durk & Giveon,,,"['canadian hip hop', 'canadian pop', 'hip hop', 'rap', 'toronto rap']"
283,283,2021,84,Summer Of Love,Shawn Mendes & Tainy,,,"['canadian pop', 'dance pop', 'pop', 'viral pop']"
284,284,2021,85,Maybach,42 Dugg Featuring Future,,,"['detroit trap', 'pop rap', 'rap', 'southern hip hop', 'trap']"
285,285,2021,86,Tequila Little Time,Jon Pardi,,,"['contemporary country', 'country', 'country road', 'modern country rock']"
286,286,2021,87,Waves,Luke Bryan,,,"['chicago rap', 'rap']"
287,287,2021,88,Freedom Was A Highway,Jimmie Allen & Brad Paisley,,,"['black americana', 'contemporary country', 'country pop']"
288,288,2021,89,Nevada,YoungBoy Never Broke Again,,,"['baton rouge rap', 'trap']"
289,289,2021,90,Like A Lady,Lady A,,,"['contemporary country', 'country', 'country dawn', 'country pop', 'country road', 'neo mellow']"
290,290,2021,91,Life Goes On,Oliver Tree,,,['alternative hip hop']
291,291,2021,92,Woo Baby,Pop Smoke Featuring Chris Brown,,,['brooklyn drill']
292,292,2021,93,Life Support,YoungBoy Never Broke Again,,,"['baton rouge rap', 'trap']"
293,293,2021,94,'Til You Can't,Cody Johnson,,,"['contemporary country', 'country road', 'texas country']"
294,294,2021,95,Who's In Your Head,Jonas Brothers,,,"['boy band', 'dance pop', 'pop', 'post-teen pop']"
295,295,2021,96,Ain't Shit,Doja Cat,,,"['dance pop', 'pop']"
296,296,2021,97,Just About Over You,Priscilla Block,,,"['contemporary country', 'country pop']"
297,297,2021,98,For Tonight,Giveon,,,"['pop', 'r&b']"
298,298,2021,99,Praise God,Kanye West,,,"['chicago rap', 'rap']"
299,299,2021,100,Bad Morning,YoungBoy Never Broke Again,,,"['baton rouge rap', 'trap']"
300,300,2021,1,Stay,The Kid LAROI & Justin Bieber,,,['australian hip hop']
301,301,2021,2,Industry Baby,Lil Nas X & Jack Harlow,,,"['lgbtq+ hip hop', 'pop']"
302,302,2021,3,Fancy Like,Walker Hayes,,,"['contemporary country', 'country', 'country road', 'modern country rock']"
303,303,2021,4,Way 2 Sexy,Drake Featuring Future & Young Thug,,,"['canadian hip hop', 'canadian pop', 'hip hop', 'rap', 'toronto rap']"
304,304,2021,5,Bad Habits,Ed Sheeran,,,"['pop', 'uk pop']"
305,305,2021,6,Good 4 U,Olivia Rodrigo,,,['pop']
306,306,2021,7,Kiss Me More,Doja Cat Featuring SZA,,,"['dance pop', 'pop']"
307,307,2021,8,Levitating,Dua Lipa,,,"['dance pop', 'pop', 'uk pop']"
308,308,2021,9,Knife Talk,Drake Featuring 21 Savage & Project Pat,,,"['canadian hip hop', 'canadian pop', 'hip hop', 'rap', 'toronto rap']"
309,309,2021,10,Essence,Wizkid Featuring Justin Bieber & Tems,,,"['afro dancehall', 'afropop', 'azonto', 'nigerian hip hop', 'nigerian pop']"
310,310,2021,11,Shivers,Ed Sheeran,,,"['pop', 'uk pop']"
311,311,2021,12,My Universe,Coldplay x BTS,,,"['permanent wave', 'pop']"
312,312,2021,13,Need To Know,Doja Cat,,,"['dance pop', 'pop']"
313,313,2021,14,Save Your Tears,The Weeknd & Ariana Grande,,,"['canadian contemporary r&b', 'canadian pop', 'pop']"
314,314,2021,15,Heat Waves,Glass Animals,,,"['gauze pop', 'indietronica', 'shiver pop']"
315,315,2021,16,Beggin',Maneskin,,,"['indie rock italiano', 'italian pop']"
316,316,2021,17,Montero (Call Me By Your Name),Lil Nas X,,,"['lgbtq+ hip hop', 'pop']"
317,317,2021,18,You Right,Doja Cat & The Weeknd,,,"['dance pop', 'pop']"
318,318,2021,19,If I Didn't Love You,Jason Aldean & Carrie Underwood,,,"['contemporary country', 'country', 'country road']"
319,319,2021,20,Girls Want Girls,Drake Featuring Lil Baby,,,"['canadian hip hop', 'canadian pop', 'hip hop', 'rap', 'toronto rap']"
320,320,2021,21,Traitor,Olivia Rodrigo,,,['pop']
321,321,2021,22,Take My Breath,The Weeknd,,,"['canadian contemporary r&b', 'canadian pop', 'pop']"
322,322,2021,23,Sharing Locations,Meek Mill Featuring Lil Baby & Lil Durk,,,"['hip hop', 'philly rap', 'pop rap', 'rap', 'southern hip hop', 'trap']"
323,323,2021,24,Chasing After You,Ryan Hurd With Maren Morris,,,"['contemporary country', 'country pop']"
324,324,2021,25,Pepas,Farruko,,,"['latin', 'reggaeton', 'trap latino']"
325,325,2021,26,Thats What I Want,Lil Nas X,,,"['lgbtq+ hip hop', 'pop']"
326,326,2021,27,Wockesha,Moneybagg Yo,,,"['hip hop', 'memphis hip hop', 'rap', 'southern hip hop', 'tennessee hip hop', 'trap']"
327,327,2021,28,Cold Beer Calling My Name,Jameson Rodgers Featuring Luke Combs,,,"['contemporary country', 'country', 'country pop']"
328,328,2021,29,Happier Than Ever,Billie Eilish,,,"['art pop', 'electropop', 'pop']"
329,329,2021,30,Fair Trade,Drake Featuring Travis Scott,,,"['canadian hip hop', 'canadian pop', 'hip hop', 'rap', 'toronto rap']"
330,330,2021,31,Deja Vu,Olivia Rodrigo,,,['pop']
331,331,2021,32,Cold Heart (PNAU Remix),Elton John & Dua Lipa,,,"['glam rock', 'mellow gold', 'piano rock']"
332,332,2021,33,Memory I Don't Mess With,Lee Brice,,,"['contemporary country', 'country', 'country road', 'modern country rock']"
333,333,2021,34,A-O-K,Tai Verdes,,,['modern indie pop']
334,334,2021,35,Love Nwantiti (Ah Ah Ah),CKay,,,['afro r&b']
335,335,2021,36,Intro (Hate On Me),Meek Mill,,,"['hip hop', 'philly rap', 'pop rap', 'rap', 'southern hip hop', 'trap']"
336,336,2021,37,Leave The Door Open,Silk Sonic (Bruno Mars & Anderson .Paak),,,"['dance pop', 'pop']"
337,337,2021,38,Gyalis,Capella Grey,,,['pop rap']
338,338,2021,39,Peaches,Justin Bieber Featuring Daniel Caesar & Giveon,,,"['canadian pop', 'pop']"
339,339,2021,40,Leave Before You Love Me,Marshmello X Jonas Brothers,,,"['brostep', 'edm', 'pop', 'pop dance', 'progressive electro house']"
340,340,2021,41,Love Again,Dua Lipa,,,"['dance pop', 'pop', 'uk pop']"
341,341,2021,42,My Boy,Elvie Shane,,,"['art pop', 'electropop', 'pop']"
342,342,2021,43,Buy Dirt,Jordan Davis Featuring Luke Bryan,,,['contemporary country']
343,343,2021,44,Hurricane,Kanye West,,,"['chicago rap', 'rap']"
344,344,2021,45,I Was On A Boat That Day,Old Dominion,,,"['contemporary country', 'country', 'country road']"
345,345,2021,46,Family Ties,Baby Keem & Kendrick Lamar,,,"['hip hop', 'rap']"
346,346,2021,47,Meet Me At Our Spot,THE ANXIETY: WILLOW & Tyler Cole,,,['modern alternative pop']
347,347,2021,48,Wild Side,Normani Featuring Cardi B,,,"['dance pop', 'pop', 'post-teen pop', 'r&b', 'urban contemporary']"
348,348,2021,49,Late At Night,Roddy Ricch,,,"['melodic rap', 'rap', 'trap']"
349,349,2021,50,Have Mercy,Chloe,,,[]
350,350,2021,51,You Should Probably Leave,Chris Stapleton,,,"['contemporary country', 'outlaw country']"
351,351,2021,52,Whole Lotta Money,BIA Featuring Nicki Minaj,,,"['escape room', 'pop', 'r&b', 'rap latina', 'trap queen']"
352,352,2021,53,Cold As You,Luke Combs,,,"['contemporary country', 'country']"
353,353,2021,54,You Time,Scotty McCreery,,,"['contemporary country', 'country', 'country road', 'modern country rock']"
354,354,2021,55,Drunk (And I Don't Wanna Go Home),Elle King & Miranda Lambert,,,['modern blues rock']
355,355,2021,56,Baddest,"Yung Bleu, Chris Brown & 2 Chainz",,,"['alabama rap', 'pop r&b', 'pop rap', 'r&b', 'trap']"
356,356,2021,57,Thinking 'Bout You,Dustin Lynch Featuring Lauren Alaina Or MacKenzie Porter,,,"['contemporary country', 'country', 'country road', 'modern country rock']"
357,357,2021,58,Butter,BTS,,,"['k-pop', 'k-pop boy group']"
358,358,2021,59,Too Easy,Gunna & Future,,,"['atl hip hop', 'hip hop', 'melodic rap', 'rap', 'trap']"
359,359,2021,60,Hot,Meek Mill Featuring Moneybagg Yo,,,"['pop', 'pop rap']"
360,360,2021,61,Your Heart,Joyner Lucas & J. Cole,,,"['boston hip hop', 'hip hop', 'pop rap', 'rap']"
361,361,2021,62,Woman,Doja Cat,,,"['dance pop', 'pop']"
362,362,2021,63,2055,Sleepy Hallow,,,"['brooklyn drill', 'nyc rap']"
363,363,2021,64,No Friends In The Industry,Drake,,,"['canadian hip hop', 'canadian pop', 'hip hop', 'rap', 'toronto rap']"
364,364,2021,65,Champagne Poetry,Drake,,,"['canadian hip hop', 'canadian pop', 'hip hop', 'rap', 'toronto rap']"
365,365,2021,66,Expensive Pain,Meek Mill,,,"['hip hop', 'philly rap', 'pop rap', 'rap', 'southern hip hop', 'trap']"
366,366,2021,67,Knowing You,Kenny Chesney,,,"['contemporary country', 'country', 'country road']"
367,367,2021,68,Memory,Kane Brown X blackbear,,,"['black americana', 'contemporary country', 'country road']"
368,368,2021,69,On My Soul,Meek Mill,,,"['hip hop', 'philly rap', 'pop rap', 'rap', 'southern hip hop', 'trap']"
369,369,2021,70,Thot Shit,Megan Thee Stallion,,,"['houston rap', 'pop', 'trap queen']"
370,370,2021,71,Drinkin' Beer. Talkin' God. Amen.,Chase Rice Featuring Florida Georgia Line,,,"['contemporary country', 'country', 'country road', 'modern country rock']"
371,371,2021,72,Blue Note$ II,Meek Mill Featuring Lil Uzi Vert,,,[]
372,372,2021,73,Volvi,Aventura x Bad Bunny,,,"['bachata', 'bachata dominicana', 'latin', 'latin hip hop', 'latin pop', 'trap latino', 'tropical']"
373,373,2021,74,Todo de Ti,Rauw Alejandro,,,"['puerto rican pop', 'trap latino']"
374,374,2021,75,Jugaste y Sufri,Eslabon Armado Featuring DannyLux,,,"['corrido', 'corridos tumbados', 'nuevo regional mexicano', 'sierreno']"
375,375,2021,76,Outside (100 MPH),Meek Mill,,,"['hip hop', 'philly rap', 'pop rap', 'rap', 'southern hip hop', 'trap']"
376,376,2021,77,Same Boat,Zac Brown Band,,,"['contemporary country', 'country', 'country road', 'modern country rock']"
377,377,2021,78,Last One Standing,"Skylar Grey, Polo G, Mozzy & Eminem",,,['piano rock']
378,378,2021,79,In The Bible,Drake Featuring Lil Durk & Giveon,,,"['canadian hip hop', 'canadian pop', 'hip hop', 'rap', 'toronto rap']"
379,379,2021,80,Chosen,Blxst & Tyga Featuring Ty Dolla $ign,,,['pop rap']
380,380,2021,81,Bad Morning,YoungBoy Never Broke Again,,,"['baton rouge rap', 'trap']"
381,381,2021,82,Yonaguni,Bad Bunny,,,"['latin', 'reggaeton', 'trap latino']"
382,382,2021,83,The Feels,TWICE,,,"['k-pop', 'k-pop girl group']"
383,383,2021,84,Summer Of Love,Shawn Mendes & Tainy,,,"['canadian pop', 'dance pop', 'pop', 'viral pop']"
384,384,2021,85,Get Into It (Yuh),Doja Cat,,,"['dance pop', 'pop']"
385,385,2021,86,Nevada,YoungBoy Never Broke Again,,,"['baton rouge rap', 'trap']"
386,386,2021,87,Waves,Luke Bryan,,,"['chicago rap', 'rap']"
387,387,2021,88,Life Support,YoungBoy Never Broke Again,,,"['baton rouge rap', 'trap']"
388,388,2021,89,Me (FWM),Meek Mill Featuring A$AP Ferg,,,"['hip hop', 'philly rap', 'pop rap', 'rap', 'southern hip hop', 'trap']"
389,389,2021,90,Love Train,Meek Mill,,,"['classic soul', 'disco', 'funk', 'motown', 'philly soul', 'post-disco', 'quiet storm', 'soul', 'southern soul', 'urban contemporary']"
390,390,2021,91,Feelin Like Tunechi,Lil Wayne Featuring Rich The Kid,,,"['hip hop', 'new orleans rap', 'pop rap', 'rap', 'trap']"
391,391,2021,92,One Mississippi,Kane Brown,,,"['black americana', 'contemporary country', 'country road']"
392,392,2021,93,Ghost,Justin Bieber,,,"['canadian pop', 'pop']"
393,393,2021,94,Sand In My Boots,Morgan Wallen,,,['contemporary country']
394,394,2021,95,Ride For You,Meek Mill Featuring Kehlani,,,"['hip hop', 'philly rap', 'pop rap', 'rap', 'southern hip hop', 'trap']"
395,395,2021,96,Esta Danada,Ivan Cornejo,,,"['corrido', 'corridos tumbados', 'nuevo regional mexicano']"
396,396,2021,97,Whiskey And Rain,Michael Ray,,,"['contemporary country', 'country', 'country pop', 'country road', 'modern country rock']"
397,397,2021,98,TSU,Drake,,,"['canadian hip hop', 'canadian pop', 'hip hop', 'rap', 'toronto rap']"
398,398,2021,99,Love All,Drake Featuring JAY-Z,,,"['canadian hip hop', 'canadian pop', 'hip hop', 'rap', 'toronto rap']"
399,399,2021,100,No Where,YoungBoy Never Broke Again,,,"['baton rouge rap', 'trap']"
400,400,2021,1,My Universe,Coldplay x BTS,,,"['permanent wave', 'pop']"
401,401,2021,2,Stay,The Kid LAROI & Justin Bieber,,,['australian hip hop']
402,402,2021,3,Industry Baby,Lil Nas X & Jack Harlow,,,"['lgbtq+ hip hop', 'pop']"
403,403,2021,4,Way 2 Sexy,Drake Featuring Future & Young Thug,,,"['canadian hip hop', 'canadian pop', 'hip hop', 'rap', 'toronto rap']"
404,404,2021,5,Fancy Like,Walker Hayes,,,"['contemporary country', 'country', 'country road', 'modern country rock']"
405,405,2021,6,Bad Habits,Ed Sheeran,,,"['pop', 'uk pop']"
406,406,2021,7,Good 4 U,Olivia Rodrigo,,,['pop']
407,407,2021,8,Kiss Me More,Doja Cat Featuring SZA,,,"['dance pop', 'pop']"
408,408,2021,9,Knife Talk,Drake Featuring 21 Savage & Project Pat,,,"['canadian hip hop', 'canadian pop', 'hip hop', 'rap', 'toronto rap']"
409,409,2021,10,Levitating,Dua Lipa,,,"['dance pop', 'pop', 'uk pop']"
410,410,2021,11,Essence,Wizkid Featuring Justin Bieber & Tems,,,"['afro dancehall', 'afropop', 'azonto', 'nigerian hip hop', 'nigerian pop']"
411,411,2021,12,Save Your Tears,The Weeknd & Ariana Grande,,,"['canadian contemporary r&b', 'canadian pop', 'pop']"
412,412,2021,13,Montero (Call Me By Your Name),Lil Nas X,,,"['lgbtq+ hip hop', 'pop']"
413,413,2021,14,Shivers,Ed Sheeran,,,"['pop', 'uk pop']"
414,414,2021,15,Heat Waves,Glass Animals,,,"['gauze pop', 'indietronica', 'shiver pop']"
415,415,2021,16,Need To Know,Doja Cat,,,"['dance pop', 'pop']"
416,416,2021,17,Girls Want Girls,Drake Featuring Lil Baby,,,"['canadian hip hop', 'canadian pop', 'hip hop', 'rap', 'toronto rap']"
417,417,2021,18,You Right,Doja Cat & The Weeknd,,,"['dance pop', 'pop']"
418,418,2021,19,Beggin',Maneskin,,,"['indie rock italiano', 'italian pop']"
419,419,2021,20,Wockesha,Moneybagg Yo,,,"['hip hop', 'memphis hip hop', 'rap', 'southern hip hop', 'tennessee hip hop', 'trap']"
420,420,2021,21,If I Didn't Love You,Jason Aldean & Carrie Underwood,,,"['contemporary country', 'country', 'country road']"
421,421,2021,22,Take My Breath,The Weeknd,,,"['canadian contemporary r&b', 'canadian pop', 'pop']"
422,422,2021,23,Fair Trade,Drake Featuring Travis Scott,,,"['canadian hip hop', 'canadian pop', 'hip hop', 'rap', 'toronto rap']"
423,423,2021,24,Thats What I Want,Lil Nas X,,,"['lgbtq+ hip hop', 'pop']"
424,424,2021,25,Traitor,Olivia Rodrigo,,,['pop']
425,425,2021,26,Cold Beer Calling My Name,Jameson Rodgers Featuring Luke Combs,,,"['contemporary country', 'country', 'country pop']"
426,426,2021,27,Chasing After You,Ryan Hurd With Maren Morris,,,"['contemporary country', 'country pop']"
427,427,2021,28,Bad Morning,YoungBoy Never Broke Again,,,"['baton rouge rap', 'trap']"
428,428,2021,29,Pepas,Farruko,,,"['latin', 'reggaeton', 'trap latino']"
429,429,2021,30,Deja Vu,Olivia Rodrigo,,,['pop']
430,430,2021,31,Happier Than Ever,Billie Eilish,,,"['art pop', 'electropop', 'pop']"
431,431,2021,32,Your Heart,Joyner Lucas & J. Cole,,,"['boston hip hop', 'hip hop', 'pop rap', 'rap']"
432,432,2021,33,Leave The Door Open,Silk Sonic (Bruno Mars & Anderson .Paak),,,"['dance pop', 'pop']"
433,433,2021,34,Hurricane,Kanye West,,,"['chicago rap', 'rap']"
434,434,2021,35,A-O-K,Tai Verdes,,,['modern indie pop']
435,435,2021,36,Butter,BTS,,,"['k-pop', 'k-pop boy group']"
436,436,2021,37,On My Side,YoungBoy Never Broke Again,,,"['baton rouge rap', 'trap']"
437,437,2021,38,Too Easy,Gunna & Future,,,"['atl hip hop', 'hip hop', 'melodic rap', 'rap', 'trap']"
438,438,2021,39,Leave Before You Love Me,Marshmello X Jonas Brothers,,,"['brostep', 'edm', 'pop', 'pop dance', 'progressive electro house']"
439,439,2021,40,No Where,YoungBoy Never Broke Again,,,"['baton rouge rap', 'trap']"
440,440,2021,41,Peaches,Justin Bieber Featuring Daniel Caesar & Giveon,,,"['canadian pop', 'pop']"
441,441,2021,42,Family Ties,Baby Keem & Kendrick Lamar,,,"['hip hop', 'rap']"
442,442,2021,43,Memory I Don't Mess With,Lee Brice,,,"['contemporary country', 'country', 'country road', 'modern country rock']"
443,443,2021,44,Late At Night,Roddy Ricch,,,"['melodic rap', 'rap', 'trap']"
444,444,2021,45,Things A Man Oughta Know,Lainey Wilson,,,"['contemporary country', 'country pop']"
445,445,2021,46,Cold Heart (PNAU Remix),Elton John & Dua Lipa,,,"['glam rock', 'mellow gold', 'piano rock']"
446,446,2021,47,Meet Me At Our Spot,THE ANXIETY: WILLOW & Tyler Cole,,,['modern alternative pop']
447,447,2021,48,Life Support,YoungBoy Never Broke Again,,,"['baton rouge rap', 'trap']"
448,448,2021,49,I Was On A Boat That Day,Old Dominion,,,"['contemporary country', 'country', 'country road']"
449,449,2021,50,Love Nwantiti (Ah Ah Ah),CKay,,,['afro r&b']
450,450,2021,51,Wild Side,Normani Featuring Cardi B,,,"['dance pop', 'pop', 'post-teen pop', 'r&b', 'urban contemporary']"
451,451,2021,52,Whole Lotta Money,BIA Featuring Nicki Minaj,,,"['escape room', 'pop', 'r&b', 'rap latina', 'trap queen']"
452,452,2021,53,Hold Me Down,YoungBoy Never Broke Again,,,"['baton rouge rap', 'trap']"
453,453,2021,54,Champagne Poetry,Drake,,,"['canadian hip hop', 'canadian pop', 'hip hop', 'rap', 'toronto rap']"
454,454,2021,55,Buy Dirt,Jordan Davis Featuring Luke Bryan,,,['contemporary country']
455,455,2021,56,Have Mercy,Chloe,,,[]
456,456,2021,57,Love Again,Dua Lipa,,,"['dance pop', 'pop', 'uk pop']"
457,457,2021,58,Nevada,YoungBoy Never Broke Again,,,"['baton rouge rap', 'trap']"
458,458,2021,59,50 Shots,YoungBoy Never Broke Again,,,"['baton rouge rap', 'trap']"
459,459,2021,60,No Friends In The Industry,Drake,,,"['canadian hip hop', 'canadian pop', 'hip hop', 'rap', 'toronto rap']"
460,460,2021,61,Smoke Strong,YoungBoy Never Broke Again,,,"['baton rouge rap', 'trap']"
461,461,2021,62,Break Or Make Me,YoungBoy Never Broke Again,,,"['baton rouge rap', 'trap']"
462,462,2021,63,You Time,Scotty McCreery,,,"['contemporary country', 'country', 'country road', 'modern country rock']"
463,463,2021,64,Gyalis,Capella Grey,,,['pop rap']
464,464,2021,65,Cold As You,Luke Combs,,,"['contemporary country', 'country']"
465,465,2021,66,My Boy,Elvie Shane,,,"['art pop', 'electropop', 'pop']"
466,466,2021,67,Sincerely,YoungBoy Never Broke Again,,,"['baton rouge rap', 'trap']"
467,467,2021,68,Drunk (And I Don't Wanna Go Home),Elle King & Miranda Lambert,,,['modern blues rock']
468,468,2021,69,I Can't Take It Back,YoungBoy Never Broke Again,,,"['baton rouge rap', 'trap']"
469,469,2021,70,Waves,Luke Bryan,,,"['chicago rap', 'rap']"
470,470,2021,71,Sharing Locations,Meek Mill Featuring Lil Baby & Lil Durk,,,"['hip hop', 'philly rap', 'pop rap', 'rap', 'southern hip hop', 'trap']"
471,471,2021,72,In The Bible,Drake Featuring Lil Durk & Giveon,,,"['canadian hip hop', 'canadian pop', 'hip hop', 'rap', 'toronto rap']"
472,472,2021,73,Thot Shit,Megan Thee Stallion,,,"['houston rap', 'pop', 'trap queen']"
473,473,2021,74,Rumors,Lizzo Featuring Cardi B,,,"['dance pop', 'escape room', 'minnesota hip hop', 'pop', 'trap queen']"
474,474,2021,75,Woman,Doja Cat,,,"['dance pop', 'pop']"
475,475,2021,76,Thinking 'Bout You,Dustin Lynch Featuring Lauren Alaina Or MacKenzie Porter,,,"['contemporary country', 'country', 'country road', 'modern country rock']"
476,476,2021,77,Baddest,"Yung Bleu, Chris Brown & 2 Chainz",,,"['alabama rap', 'pop r&b', 'pop rap', 'r&b', 'trap']"
477,477,2021,78,2055,Sleepy Hallow,,,"['brooklyn drill', 'nyc rap']"
478,478,2021,79,Memory,Kane Brown X blackbear,,,"['black americana', 'contemporary country', 'country road']"
479,479,2021,80,Forgiato,YoungBoy Never Broke Again,,,"['baton rouge rap', 'trap']"
480,480,2021,81,You Should Probably Leave,Chris Stapleton,,,"['contemporary country', 'outlaw country']"
481,481,2021,82,Drinkin' Beer. Talkin' God. Amen.,Chase Rice Featuring Florida Georgia Line,,,"['contemporary country', 'country', 'country road', 'modern country rock']"
482,482,2021,83,Rich Shit,YoungBoy Never Broke Again,,,"['baton rouge rap', 'trap']"
483,483,2021,84,TSU,Drake,,,"['canadian hip hop', 'canadian pop', 'hip hop', 'rap', 'toronto rap']"
484,484,2021,85,Volvi,Aventura x Bad Bunny,,,"['bachata', 'bachata dominicana', 'latin', 'latin hip hop', 'latin pop', 'trap latino', 'tropical']"
485,485,2021,86,Todo de Ti,Rauw Alejandro,,,"['puerto rican pop', 'trap latino']"
486,486,2021,87,Love All,Drake Featuring JAY-Z,,,"['canadian hip hop', 'canadian pop', 'hip hop', 'rap', 'toronto rap']"
487,487,2021,88,N 2 Deep,Drake Featuring Future,,,"['canadian hip hop', 'canadian pop', 'hip hop', 'rap', 'toronto rap']"
488,488,2021,89,Yonaguni,Bad Bunny,,,"['latin', 'reggaeton', 'trap latino']"
489,489,2021,90,Knowing You,Kenny Chesney,,,"['contemporary country', 'country', 'country road']"
490,490,2021,91,For Tonight,Giveon,,,"['pop', 'r&b']"
491,491,2021,92,Baddest Thing,YoungBoy Never Broke Again,,,"['baton rouge rap', 'trap']"
492,492,2021,93,Summer Of Love,Shawn Mendes & Tainy,,,"['canadian pop', 'dance pop', 'pop', 'viral pop']"
493,493,2021,94,Get Into It (Yuh),Doja Cat,,,"['dance pop', 'pop']"
494,494,2021,95,Same Boat,Zac Brown Band,,,"['contemporary country', 'country', 'country road', 'modern country rock']"
495,495,2021,96,Pipe Down,Drake,,,"['canadian hip hop', 'canadian pop', 'hip hop', 'rap', 'toronto rap']"
496,496,2021,97,Papi's Home,Drake,,,"['canadian hip hop', 'canadian pop', 'hip hop', 'rap', 'toronto rap']"
497,497,2021,98,Chosen,Blxst & Tyga Featuring Ty Dolla $ign,,,['pop rap']
498,498,2021,99,Toxic Punk,YoungBoy Never Broke Again,,,"['baton rouge rap', 'trap']"
499,499,2021,100,Moon,Kanye West,,,"['chicago rap', 'rap']"
500,500,2021,1,Stay,The Kid LAROI & Justin Bieber,,,['australian hip hop']
501,501,2021,2,Industry Baby,Lil Nas X & Jack Harlow,,,"['lgbtq+ hip hop', 'pop']"
502,502,2021,3,Way 2 Sexy,Drake Featuring Future & Young Thug,,,"['canadian hip hop', 'canadian pop', 'hip hop', 'rap', 'toronto rap']"
503,503,2021,4,Bad Habits,Ed Sheeran,,,"['pop', 'uk pop']"
504,504,2021,5,Fancy Like,Walker Hayes,,,"['contemporary country', 'country', 'country road', 'modern country rock']"
505,505,2021,6,Good 4 U,Olivia Rodrigo,,,['pop']
506,506,2021,7,Kiss Me More,Doja Cat Featuring SZA,,,"['dance pop', 'pop']"
507,507,2021,8,Knife Talk,Drake Featuring 21 Savage & Project Pat,,,"['canadian hip hop', 'canadian pop', 'hip hop', 'rap', 'toronto rap']"
508,508,2021,9,Montero (Call Me By Your Name),Lil Nas X,,,"['lgbtq+ hip hop', 'pop']"
509,509,2021,10,Thats What I Want,Lil Nas X,,,"['lgbtq+ hip hop', 'pop']"
510,510,2021,11,Levitating,Dua Lipa,,,"['dance pop', 'pop', 'uk pop']"
511,511,2021,12,Save Your Tears,The Weeknd & Ariana Grande,,,"['canadian contemporary r&b', 'canadian pop', 'pop']"
512,512,2021,13,Girls Want Girls,Drake Featuring Lil Baby,,,"['canadian hip hop', 'canadian pop', 'hip hop', 'rap', 'toronto rap']"
513,513,2021,14,Essence,Wizkid Featuring Justin Bieber & Tems,,,"['afro dancehall', 'afropop', 'azonto', 'nigerian hip hop', 'nigerian pop']"
514,514,2021,15,Fair Trade,Drake Featuring Travis Scott,,,"['canadian hip hop', 'canadian pop', 'hip hop', 'rap', 'toronto rap']"
515,515,2021,16,Heat Waves,Glass Animals,,,"['gauze pop', 'indietronica', 'shiver pop']"
516,516,2021,17,Shivers,Ed Sheeran,,,"['pop', 'uk pop']"
517,517,2021,18,Need To Know,Doja Cat,,,"['dance pop', 'pop']"
518,518,2021,19,You Right,Doja Cat & The Weeknd,,,"['dance pop', 'pop']"
519,519,2021,20,Beggin',Maneskin,,,"['indie rock italiano', 'italian pop']"
520,520,2021,21,Take My Breath,The Weeknd,,,"['canadian contemporary r&b', 'canadian pop', 'pop']"
521,521,2021,22,If I Didn't Love You,Jason Aldean & Carrie Underwood,,,"['contemporary country', 'country', 'country road']"
522,522,2021,23,Deja Vu,Olivia Rodrigo,,,['pop']
523,523,2021,24,Butter,BTS,,,"['k-pop', 'k-pop boy group']"
524,524,2021,25,Traitor,Olivia Rodrigo,,,['pop']
525,525,2021,26,Leave Before You Love Me,Marshmello X Jonas Brothers,,,"['brostep', 'edm', 'pop', 'pop dance', 'progressive electro house']"
526,526,2021,27,Pepas,Farruko,,,"['latin', 'reggaeton', 'trap latino']"
527,527,2021,28,Happier Than Ever,Billie Eilish,,,"['art pop', 'electropop', 'pop']"
528,528,2021,29,Cold Beer Calling My Name,Jameson Rodgers Featuring Luke Combs,,,"['contemporary country', 'country', 'country pop']"
529,529,2021,30,Champagne Poetry,Drake,,,"['canadian hip hop', 'canadian pop', 'hip hop', 'rap', 'toronto rap']"
530,530,2021,31,Hurricane,Kanye West,,,"['chicago rap', 'rap']"
531,531,2021,32,Chasing After You,Ryan Hurd With Maren Morris,,,"['contemporary country', 'country pop']"
532,532,2021,33,Leave The Door Open,Silk Sonic (Bruno Mars & Anderson .Paak),,,"['dance pop', 'pop']"
533,533,2021,34,Things A Man Oughta Know,Lainey Wilson,,,"['contemporary country', 'country pop']"
534,534,2021,35,Wockesha,Moneybagg Yo,,,"['hip hop', 'memphis hip hop', 'rap', 'southern hip hop', 'tennessee hip hop', 'trap']"
535,535,2021,36,Peaches,Justin Bieber Featuring Daniel Caesar & Giveon,,,"['canadian pop', 'pop']"
536,536,2021,37,Wildest Dreams (Taylor's Version),Taylor Swift,,,['pop']
537,537,2021,38,Family Ties,Baby Keem & Kendrick Lamar,,,"['hip hop', 'rap']"
538,538,2021,39,A-O-K,Tai Verdes,,,['modern indie pop']
539,539,2021,40,No Friends In The Industry,Drake,,,"['canadian hip hop', 'canadian pop', 'hip hop', 'rap', 'toronto rap']"
540,540,2021,41,Arcade,Duncan Laurence,,,['dutch pop']
541,541,2021,42,Scoop,Lil Nas X Featuring Doja Cat,,,"['lgbtq+ hip hop', 'pop']"
542,542,2021,43,In The Bible,Drake Featuring Lil Durk & Giveon,,,"['canadian hip hop', 'canadian pop', 'hip hop', 'rap', 'toronto rap']"
543,543,2021,44,Meet Me At Our Spot,THE ANXIETY: WILLOW & Tyler Cole,,,['modern alternative pop']
544,544,2021,45,Late At Night,Roddy Ricch,,,"['melodic rap', 'rap', 'trap']"
545,545,2021,46,Rumors,Lizzo Featuring Cardi B,,,"['dance pop', 'escape room', 'minnesota hip hop', 'pop', 'trap queen']"
546,546,2021,47,Dolla Sign Slime,Lil Nas X Featuring Megan Thee Stallion,,,"['lgbtq+ hip hop', 'pop']"
547,547,2021,48,TSU,Drake,,,"['canadian hip hop', 'canadian pop', 'hip hop', 'rap', 'toronto rap']"
548,548,2021,49,Thot Shit,Megan Thee Stallion,,,"['houston rap', 'pop', 'trap queen']"
549,549,2021,50,You Time,Scotty McCreery,,,"['contemporary country', 'country', 'country road', 'modern country rock']"
550,550,2021,51,Love Again,Dua Lipa,,,"['dance pop', 'pop', 'uk pop']"
551,551,2021,52,Wild Side,Normani Featuring Cardi B,,,"['dance pop', 'pop', 'post-teen pop', 'r&b', 'urban contemporary']"
552,552,2021,53,I Was On A Boat That Day,Old Dominion,,,"['contemporary country', 'country', 'country road']"
553,553,2021,54,Memory I Don't Mess With,Lee Brice,,,"['contemporary country', 'country', 'country road', 'modern country rock']"
554,554,2021,55,Buy Dirt,Jordan Davis Featuring Luke Bryan,,,['contemporary country']
555,555,2021,56,Have Mercy,Chloe,,,[]
556,556,2021,57,Love All,Drake Featuring JAY-Z,,,"['canadian hip hop', 'canadian pop', 'hip hop', 'rap', 'toronto rap']"
557,557,2021,58,Whole Lotta Money,BIA Featuring Nicki Minaj,,,"['escape room', 'pop', 'r&b', 'rap latina', 'trap queen']"
558,558,2021,59,N 2 Deep,Drake Featuring Future,,,"['canadian hip hop', 'canadian pop', 'hip hop', 'rap', 'toronto rap']"
559,559,2021,60,Waves,Luke Bryan,,,"['chicago rap', 'rap']"
560,560,2021,61,Sharing Locations,Meek Mill Featuring Lil Baby & Lil Durk,,,"['hip hop', 'philly rap', 'pop rap', 'rap', 'southern hip hop', 'trap']"
561,561,2021,62,Woman,Doja Cat,,,"['dance pop', 'pop']"
562,562,2021,63,Lonely,DaBaby X Lil Wayne,,,"['canadian pop', 'pop']"
563,563,2021,64,Gyalis,Capella Grey,,,['pop rap']
564,564,2021,65,2055,Sleepy Hallow,,,"['brooklyn drill', 'nyc rap']"
565,565,2021,66,Papi's Home,Drake,,,"['canadian hip hop', 'canadian pop', 'hip hop', 'rap', 'toronto rap']"
566,566,2021,67,My Boy,Elvie Shane,,,"['art pop', 'electropop', 'pop']"
567,567,2021,68,Pipe Down,Drake,,,"['canadian hip hop', 'canadian pop', 'hip hop', 'rap', 'toronto rap']"
568,568,2021,69,Cold As You,Luke Combs,,,"['contemporary country', 'country']"
569,569,2021,70,Drunk (And I Don't Wanna Go Home),Elle King & Miranda Lambert,,,['modern blues rock']
570,570,2021,71,On My Side,YoungBoy Never Broke Again,,,"['baton rouge rap', 'trap']"
571,571,2021,72,Dead Right Now,Lil Nas X,,,"['lgbtq+ hip hop', 'pop']"
572,572,2021,73,Memory,Kane Brown X blackbear,,,"['black americana', 'contemporary country', 'country road']"
573,573,2021,74,Cold Heart (PNAU Remix),Elton John & Dua Lipa,,,"['glam rock', 'mellow gold', 'piano rock']"
574,574,2021,75,Volvi,Aventura x Bad Bunny,,,"['bachata', 'bachata dominicana', 'latin', 'latin hip hop', 'latin pop', 'trap latino', 'tropical']"
575,575,2021,76,Moon,Kanye West,,,"['chicago rap', 'rap']"
576,576,2021,77,Drinkin' Beer. Talkin' God. Amen.,Chase Rice Featuring Florida Georgia Line,,,"['contemporary country', 'country', 'country road', 'modern country rock']"
577,577,2021,78,Baddest,"Yung Bleu, Chris Brown & 2 Chainz",,,"['alabama rap', 'pop r&b', 'pop rap', 'r&b', 'trap']"
578,578,2021,79,Life Support,YoungBoy Never Broke Again,,,"['baton rouge rap', 'trap']"
579,579,2021,80,Love Nwantiti (Ah Ah Ah),CKay,,,['afro r&b']
580,580,2021,81,Thinking 'Bout You,Dustin Lynch Featuring Lauren Alaina Or MacKenzie Porter,,,"['contemporary country', 'country', 'country road', 'modern country rock']"
581,581,2021,82,Todo de Ti,Rauw Alejandro,,,"['puerto rican pop', 'trap latino']"
582,582,2021,83,You Should Probably Leave,Chris Stapleton,,,"['contemporary country', 'outlaw country']"
583,583,2021,84,Get Into It (Yuh),Doja Cat,,,"['dance pop', 'pop']"
584,584,2021,85,Yonaguni,Bad Bunny,,,"['latin', 'reggaeton', 'trap latino']"
585,585,2021,86,Tales Of Dominica,Lil Nas X,,,"['lgbtq+ hip hop', 'pop']"
586,586,2021,87,Summer Of Love,Shawn Mendes & Tainy,,,"['canadian pop', 'dance pop', 'pop', 'viral pop']"
587,587,2021,88,One Of Me,Lil Nas X Featuring Elton John,,,"['lgbtq+ hip hop', 'pop']"
588,588,2021,89,Race My Mind,Drake,,,"['canadian hip hop', 'canadian pop', 'hip hop', 'rap', 'toronto rap']"
589,589,2021,90,Lost In The Citadel,Lil Nas X,,,"['lgbtq+ hip hop', 'pop']"
590,590,2021,91,Sun Goes Down,Lil Nas X,,,"['lgbtq+ hip hop', 'pop']"
591,591,2021,92,7am On Bridle Path,Drake,,,"['canadian hip hop', 'canadian pop', 'hip hop', 'rap', 'toronto rap']"
592,592,2021,93,Off The Grid,Kanye West,,,"['chicago rap', 'rap']"
593,593,2021,94,In Da Getto,J Balvin & Skrillex,,,"['latin', 'reggaeton', 'reggaeton colombiano', 'trap latino']"
594,594,2021,95,Skate,Silk Sonic (Bruno Mars & Anderson .Paak),,,"['dance pop', 'pop']"
595,595,2021,96,Knowing You,Kenny Chesney,,,"['contemporary country', 'country', 'country road']"
596,596,2021,97,Am I Dreaming,Lil Nas X Featuring Miley Cyrus,,,"['lgbtq+ hip hop', 'pop']"
597,597,2021,98,Same Boat,Zac Brown Band,,,"['contemporary country', 'country', 'country road', 'modern country rock']"
598,598,2021,99,Come Through,H.E.R. Featuring Chris Brown,,,['melodic rap']
599,599,2021,100,Don't Go Yet,Camila Cabello,,,"['dance pop', 'pop', 'post-teen pop']"
600,600,2021,1,Stay,The Kid LAROI & Justin Bieber,,,['australian hip hop']
601,601,2021,2,Way 2 Sexy,Drake Featuring Future & Young Thug,,,"['canadian hip hop', 'canadian pop', 'hip hop', 'rap', 'toronto rap']"
602,602,2021,3,Bad Habits,Ed Sheeran,,,"['pop', 'uk pop']"
603,603,2021,4,Knife Talk,Drake Featuring 21 Savage & Project Pat,,,"['canadian hip hop', 'canadian pop', 'hip hop', 'rap', 'toronto rap']"
604,604,2021,5,Fancy Like,Walker Hayes,,,"['contemporary country', 'country', 'country road', 'modern country rock']"
605,605,2021,6,Industry Baby,Lil Nas X & Jack Harlow,,,"['lgbtq+ hip hop', 'pop']"
606,606,2021,7,Good 4 U,Olivia Rodrigo,,,['pop']
607,607,2021,8,Kiss Me More,Doja Cat Featuring SZA,,,"['dance pop', 'pop']"
608,608,2021,9,Levitating,Dua Lipa,,,"['dance pop', 'pop', 'uk pop']"
609,609,2021,10,Girls Want Girls,Drake Featuring Lil Baby,,,"['canadian hip hop', 'canadian pop', 'hip hop', 'rap', 'toronto rap']"
610,610,2021,11,Fair Trade,Drake Featuring Travis Scott,,,"['canadian hip hop', 'canadian pop', 'hip hop', 'rap', 'toronto rap']"
611,611,2021,12,Save Your Tears,The Weeknd & Ariana Grande,,,"['canadian contemporary r&b', 'canadian pop', 'pop']"
612,612,2021,13,Montero (Call Me By Your Name),Lil Nas X,,,"['lgbtq+ hip hop', 'pop']"
613,613,2021,14,Butter,BTS,,,"['k-pop', 'k-pop boy group']"
614,614,2021,15,Heat Waves,Glass Animals,,,"['gauze pop', 'indietronica', 'shiver pop']"
615,615,2021,16,Shivers,Ed Sheeran,,,"['pop', 'uk pop']"
616,616,2021,17,Essence,Wizkid Featuring Justin Bieber & Tems,,,"['afro dancehall', 'afropop', 'azonto', 'nigerian hip hop', 'nigerian pop']"
617,617,2021,18,You Right,Doja Cat & The Weeknd,,,"['dance pop', 'pop']"
618,618,2021,19,Champagne Poetry,Drake,,,"['canadian hip hop', 'canadian pop', 'hip hop', 'rap', 'toronto rap']"
619,619,2021,20,Deja Vu,Olivia Rodrigo,,,['pop']
620,620,2021,21,Need To Know,Doja Cat,,,"['dance pop', 'pop']"
621,621,2021,22,No Friends In The Industry,Drake,,,"['canadian hip hop', 'canadian pop', 'hip hop', 'rap', 'toronto rap']"
622,622,2021,23,Take My Breath,The Weeknd,,,"['canadian contemporary r&b', 'canadian pop', 'pop']"
623,623,2021,24,If I Didn't Love You,Jason Aldean & Carrie Underwood,,,"['contemporary country', 'country', 'country road']"
624,624,2021,25,Family Ties,Baby Keem & Kendrick Lamar,,,"['hip hop', 'rap']"
625,625,2021,26,Hurricane,Kanye West,,,"['chicago rap', 'rap']"
626,626,2021,27,TSU,Drake,,,"['canadian hip hop', 'canadian pop', 'hip hop', 'rap', 'toronto rap']"
627,627,2021,28,Have Mercy,Chloe,,,[]
628,628,2021,29,In The Bible,Drake Featuring Lil Durk & Giveon,,,"['canadian hip hop', 'canadian pop', 'hip hop', 'rap', 'toronto rap']"
629,629,2021,30,Beggin',Maneskin,,,"['indie rock italiano', 'italian pop']"
630,630,2021,31,Leave The Door Open,Silk Sonic (Bruno Mars & Anderson .Paak),,,"['dance pop', 'pop']"
631,631,2021,32,Leave Before You Love Me,Marshmello X Jonas Brothers,,,"['brostep', 'edm', 'pop', 'pop dance', 'progressive electro house']"
632,632,2021,33,N 2 Deep,Drake Featuring Future,,,"['canadian hip hop', 'canadian pop', 'hip hop', 'rap', 'toronto rap']"
633,633,2021,34,Pepas,Farruko,,,"['latin', 'reggaeton', 'trap latino']"
634,634,2021,35,Love All,Drake Featuring JAY-Z,,,"['canadian hip hop', 'canadian pop', 'hip hop', 'rap', 'toronto rap']"
635,635,2021,36,Happier Than Ever,Billie Eilish,,,"['art pop', 'electropop', 'pop']"
636,636,2021,37,Traitor,Olivia Rodrigo,,,['pop']
637,637,2021,38,Things A Man Oughta Know,Lainey Wilson,,,"['contemporary country', 'country pop']"
638,638,2021,39,Chasing After You,Ryan Hurd With Maren Morris,,,"['contemporary country', 'country pop']"
639,639,2021,40,Peaches,Justin Bieber Featuring Daniel Caesar & Giveon,,,"['canadian pop', 'pop']"
640,640,2021,41,Papi's Home,Drake,,,"['canadian hip hop', 'canadian pop', 'hip hop', 'rap', 'toronto rap']"
641,641,2021,42,Arcade,Duncan Laurence,,,['dutch pop']
642,642,2021,43,Cold Beer Calling My Name,Jameson Rodgers Featuring Luke Combs,,,"['contemporary country', 'country', 'country pop']"
643,643,2021,44,Rumors,Lizzo Featuring Cardi B,,,"['dance pop', 'escape room', 'minnesota hip hop', 'pop', 'trap queen']"
644,644,2021,45,Pipe Down,Drake,,,"['canadian hip hop', 'canadian pop', 'hip hop', 'rap', 'toronto rap']"
645,645,2021,46,A-O-K,Tai Verdes,,,['modern indie pop']
646,646,2021,47,Country Again,Thomas Rhett,,,"['contemporary country', 'country', 'country road', 'modern country rock']"
647,647,2021,48,Thot Shit,Megan Thee Stallion,,,"['houston rap', 'pop', 'trap queen']"
648,648,2021,49,Late At Night,Roddy Ricch,,,"['melodic rap', 'rap', 'trap']"
649,649,2021,50,Wockesha,Moneybagg Yo,,,"['hip hop', 'memphis hip hop', 'rap', 'southern hip hop', 'tennessee hip hop', 'trap']"
650,650,2021,51,Buy Dirt,Jordan Davis Featuring Luke Bryan,,,['contemporary country']
651,651,2021,52,Waves,Luke Bryan,,,"['chicago rap', 'rap']"
652,652,2021,53,Range Brothers,Baby Keem & Kendrick Lamar,,,"['hip hop', 'rap']"
653,653,2021,54,Race My Mind,Drake,,,"['canadian hip hop', 'canadian pop', 'hip hop', 'rap', 'toronto rap']"
654,654,2021,55,Love Again,Dua Lipa,,,"['dance pop', 'pop', 'uk pop']"
655,655,2021,56,I Was On A Boat That Day,Old Dominion,,,"['contemporary country', 'country', 'country road']"
656,656,2021,57,7am On Bridle Path,Drake,,,"['canadian hip hop', 'canadian pop', 'hip hop', 'rap', 'toronto rap']"
657,657,2021,58,Moon,Kanye West,,,"['chicago rap', 'rap']"
658,658,2021,59,Wild Side,Normani Featuring Cardi B,,,"['dance pop', 'pop', 'post-teen pop', 'r&b', 'urban contemporary']"
659,659,2021,60,Every Chance I Get,DJ Khaled Featuring Lil Baby & Lil Durk,,,"['dirty south rap', 'hip hop', 'miami hip hop', 'pop', 'pop rap', 'rap', 'southern hip hop', 'trap']"
660,660,2021,61,Whole Lotta Money,BIA Featuring Nicki Minaj,,,"['escape room', 'pop', 'r&b', 'rap latina', 'trap queen']"
661,661,2021,62,Memory I Don't Mess With,Lee Brice,,,"['contemporary country', 'country', 'country road', 'modern country rock']"
662,662,2021,63,Life Support,YoungBoy Never Broke Again,,,"['baton rouge rap', 'trap']"
663,663,2021,64,Meet Me At Our Spot,THE ANXIETY: WILLOW & Tyler Cole,,,['modern alternative pop']
664,664,2021,65,Sharing Locations,Meek Mill Featuring Lil Baby & Lil Durk,,,"['hip hop', 'philly rap', 'pop rap', 'rap', 'southern hip hop', 'trap']"
665,665,2021,66,2055,Sleepy Hallow,,,"['brooklyn drill', 'nyc rap']"
666,666,2021,67,Woman,Doja Cat,,,"['dance pop', 'pop']"
667,667,2021,68,Lonely,DaBaby X Lil Wayne,,,"['canadian pop', 'pop']"
668,668,2021,69,You Time,Scotty McCreery,,,"['contemporary country', 'country', 'country road', 'modern country rock']"
669,669,2021,70,Gyalis,Capella Grey,,,['pop rap']
670,670,2021,71,Skate,Silk Sonic (Bruno Mars & Anderson .Paak),,,"['dance pop', 'pop']"
671,671,2021,72,IMY2,Drake Featuring Kid Cudi,,,"['canadian hip hop', 'canadian pop', 'hip hop', 'rap', 'toronto rap']"
672,672,2021,73,Drunk (And I Don't Wanna Go Home),Elle King & Miranda Lambert,,,['modern blues rock']
673,673,2021,74,My Boy,Elvie Shane,,,"['art pop', 'electropop', 'pop']"
674,674,2021,75,Off The Grid,Kanye West,,,"['chicago rap', 'rap']"
675,675,2021,76,Yebba's Heartbreak,Drake & Yebba,,,"['canadian hip hop', 'canadian pop', 'hip hop', 'rap', 'toronto rap']"
676,676,2021,77,Drinkin' Beer. Talkin' God. Amen.,Chase Rice Featuring Florida Georgia Line,,,"['contemporary country', 'country', 'country road', 'modern country rock']"
677,677,2021,78,Get Along Better,Drake Featuring Ty Dolla $ign,,,"['canadian hip hop', 'canadian pop', 'hip hop', 'rap', 'toronto rap']"
678,678,2021,79,Cold As You,Luke Combs,,,"['contemporary country', 'country']"
679,679,2021,80,Volvi,Aventura x Bad Bunny,,,"['bachata', 'bachata dominicana', 'latin', 'latin hip hop', 'latin pop', 'trap latino', 'tropical']"
680,680,2021,81,Memory,Kane Brown X blackbear,,,"['black americana', 'contemporary country', 'country road']"
681,681,2021,82,Todo de Ti,Rauw Alejandro,,,"['puerto rican pop', 'trap latino']"
682,682,2021,83,You Only Live Twice,Drake Featuring Lil Wayne & Rick Ross,,,"['canadian hip hop', 'canadian pop', 'hip hop', 'rap', 'toronto rap']"
683,683,2021,84,Lalisa,Lisa,,,['k-pop']
684,684,2021,85,Get Into It (Yuh),Doja Cat,,,"['dance pop', 'pop']"
685,685,2021,86,Fountains,Drake Featuring Tems,,,"['canadian hip hop', 'canadian pop', 'hip hop', 'rap', 'toronto rap']"
686,686,2021,87,Yonaguni,Bad Bunny,,,"['latin', 'reggaeton', 'trap latino']"
687,687,2021,88,Don't Go Yet,Camila Cabello,,,"['dance pop', 'pop', 'post-teen pop']"
688,688,2021,89,Single Saturday Night,Cole Swindell,,,"['contemporary country', 'country', 'country road', 'modern country rock']"
689,689,2021,90,In Da Getto,J Balvin & Skrillex,,,"['latin', 'reggaeton', 'reggaeton colombiano', 'trap latino']"
690,690,2021,91,Thinking 'Bout You,Dustin Lynch Featuring Lauren Alaina Or MacKenzie Porter,,,"['contemporary country', 'country', 'country road', 'modern country rock']"
691,691,2021,92,You Should Probably Leave,Chris Stapleton,,,"['contemporary country', 'outlaw country']"
692,692,2021,93,Summer Of Love,Shawn Mendes & Tainy,,,"['canadian pop', 'dance pop', 'pop', 'viral pop']"
693,693,2021,94,Baddest,"Yung Bleu, Chris Brown & 2 Chainz",,,"['alabama rap', 'pop r&b', 'pop rap', 'r&b', 'trap']"
694,694,2021,95,Come Through,H.E.R. Featuring Chris Brown,,,['melodic rap']
695,695,2021,96,We Didn't Have Much,Justin Moore,,,"['arkansas country', 'contemporary country', 'country', 'country road', 'modern country rock', 'redneck']"
696,696,2021,97,Ain't Shit,Doja Cat,,,"['dance pop', 'pop']"
697,697,2021,98,Cold Heart (PNAU Remix),Elton John & Dua Lipa,,,"['glam rock', 'mellow gold', 'piano rock']"
698,698,2021,99,Jail,Kanye West,,,"['chicago rap', 'rap']"
699,699,2021,100,Knowing You,Kenny Chesney,,,"['contemporary country', 'country', 'country road']"
700,700,2021,1,Way 2 Sexy,Drake Featuring Future & Young Thug,,,"['canadian hip hop', 'canadian pop', 'hip hop', 'rap', 'toronto rap']"
701,701,2021,2,Girls Want Girls,Drake Featuring Lil Baby,,,"['canadian hip hop', 'canadian pop', 'hip hop', 'rap', 'toronto rap']"
702,702,2021,3,Fair Trade,Drake Featuring Travis Scott,,,"['canadian hip hop', 'canadian pop', 'hip hop', 'rap', 'toronto rap']"
703,703,2021,4,Champagne Poetry,Drake,,,"['canadian hip hop', 'canadian pop', 'hip hop', 'rap', 'toronto rap']"
704,704,2021,5,Knife Talk,Drake Featuring 21 Savage & Project Pat,,,"['canadian hip hop', 'canadian pop', 'hip hop', 'rap', 'toronto rap']"
705,705,2021,6,Stay,The Kid LAROI & Justin Bieber,,,['australian hip hop']
706,706,2021,7,In The Bible,Drake Featuring Lil Durk & Giveon,,,"['canadian hip hop', 'canadian pop', 'hip hop', 'rap', 'toronto rap']"
707,707,2021,8,Papi's Home,Drake,,,"['canadian hip hop', 'canadian pop', 'hip hop', 'rap', 'toronto rap']"
708,708,2021,9,TSU,Drake,,,"['canadian hip hop', 'canadian pop', 'hip hop', 'rap', 'toronto rap']"
709,709,2021,10,Love All,Drake Featuring JAY-Z,,,"['canadian hip hop', 'canadian pop', 'hip hop', 'rap', 'toronto rap']"
710,710,2021,11,No Friends In The Industry,Drake,,,"['canadian hip hop', 'canadian pop', 'hip hop', 'rap', 'toronto rap']"
711,711,2021,12,N 2 Deep,Drake Featuring Future,,,"['canadian hip hop', 'canadian pop', 'hip hop', 'rap', 'toronto rap']"
712,712,2021,13,Bad Habits,Ed Sheeran,,,"['pop', 'uk pop']"
713,713,2021,14,Pipe Down,Drake,,,"['canadian hip hop', 'canadian pop', 'hip hop', 'rap', 'toronto rap']"
714,714,2021,15,Good 4 U,Olivia Rodrigo,,,['pop']
715,715,2021,16,7am On Bridle Path,Drake,,,"['canadian hip hop', 'canadian pop', 'hip hop', 'rap', 'toronto rap']"
716,716,2021,17,Butter,BTS,,,"['k-pop', 'k-pop boy group']"
717,717,2021,18,Race My Mind,Drake,,,"['canadian hip hop', 'canadian pop', 'hip hop', 'rap', 'toronto rap']"
718,718,2021,19,Kiss Me More,Doja Cat Featuring SZA,,,"['dance pop', 'pop']"
719,719,2021,20,Industry Baby,Lil Nas X & Jack Harlow,,,"['lgbtq+ hip hop', 'pop']"
720,720,2021,21,Fancy Like,Walker Hayes,,,"['contemporary country', 'country', 'country road', 'modern country rock']"
721,721,2021,22,IMY2,Drake Featuring Kid Cudi,,,"['canadian hip hop', 'canadian pop', 'hip hop', 'rap', 'toronto rap']"
722,722,2021,23,Levitating,Dua Lipa,,,"['dance pop', 'pop', 'uk pop']"
723,723,2021,24,Yebba's Heartbreak,Drake & Yebba,,,"['canadian hip hop', 'canadian pop', 'hip hop', 'rap', 'toronto rap']"
724,724,2021,25,You Only Live Twice,Drake Featuring Lil Wayne & Rick Ross,,,"['canadian hip hop', 'canadian pop', 'hip hop', 'rap', 'toronto rap']"
725,725,2021,26,Fountains,Drake Featuring Tems,,,"['canadian hip hop', 'canadian pop', 'hip hop', 'rap', 'toronto rap']"
726,726,2021,27,Get Along Better,Drake Featuring Ty Dolla $ign,,,"['canadian hip hop', 'canadian pop', 'hip hop', 'rap', 'toronto rap']"
727,727,2021,28,Save Your Tears,The Weeknd & Ariana Grande,,,"['canadian contemporary r&b', 'canadian pop', 'pop']"
728,728,2021,29,Hurricane,Kanye West,,,"['chicago rap', 'rap']"
729,729,2021,30,Montero (Call Me By Your Name),Lil Nas X,,,"['lgbtq+ hip hop', 'pop']"
730,730,2021,31,Deja Vu,Olivia Rodrigo,,,['pop']
731,731,2021,32,Fucking Fans,Drake,,,[]
732,732,2021,33,Heat Waves,Glass Animals,,,"['gauze pop', 'indietronica', 'shiver pop']"
733,733,2021,34,Essence,Wizkid Featuring Justin Bieber & Tems,,,"['afro dancehall', 'afropop', 'azonto', 'nigerian hip hop', 'nigerian pop']"
734,734,2021,35,The Remorse,Drake,,,"['canadian hip hop', 'canadian pop', 'hip hop', 'rap', 'toronto rap']"
735,735,2021,36,You Right,Doja Cat & The Weeknd,,,"['dance pop', 'pop']"
736,736,2021,37,Take My Breath,The Weeknd,,,"['canadian contemporary r&b', 'canadian pop', 'pop']"
737,737,2021,38,Need To Know,Doja Cat,,,"['dance pop', 'pop']"
738,738,2021,39,Beggin',Maneskin,,,"['indie rock italiano', 'italian pop']"
739,739,2021,40,Leave Before You Love Me,Marshmello X Jonas Brothers,,,"['brostep', 'edm', 'pop', 'pop dance', 'progressive electro house']"
740,740,2021,41,Off The Grid,Kanye West,,,"['chicago rap', 'rap']"
741,741,2021,42,Happier Than Ever,Billie Eilish,,,"['art pop', 'electropop', 'pop']"
742,742,2021,43,If I Didn't Love You,Jason Aldean & Carrie Underwood,,,"['contemporary country', 'country', 'country road']"
743,743,2021,44,Family Ties,Baby Keem & Kendrick Lamar,,,"['hip hop', 'rap']"
744,744,2021,45,Pepas,Farruko,,,"['latin', 'reggaeton', 'trap latino']"
745,745,2021,46,Leave The Door Open,Silk Sonic (Bruno Mars & Anderson .Paak),,,"['dance pop', 'pop']"
746,746,2021,47,Peaches,Justin Bieber Featuring Daniel Caesar & Giveon,,,"['canadian pop', 'pop']"
747,747,2021,48,Waves,Luke Bryan,,,"['chicago rap', 'rap']"
748,748,2021,49,Traitor,Olivia Rodrigo,,,['pop']
749,749,2021,50,Moon,Kanye West,,,"['chicago rap', 'rap']"
750,750,2021,51,Things A Man Oughta Know,Lainey Wilson,,,"['contemporary country', 'country pop']"
751,751,2021,52,Country Again,Thomas Rhett,,,"['contemporary country', 'country', 'country road', 'modern country rock']"
752,752,2021,53,Chasing After You,Ryan Hurd With Maren Morris,,,"['contemporary country', 'country pop']"
753,753,2021,54,Arcade,Duncan Laurence,,,['dutch pop']
754,754,2021,55,Rumors,Lizzo Featuring Cardi B,,,"['dance pop', 'escape room', 'minnesota hip hop', 'pop', 'trap queen']"
755,755,2021,56,Cold Beer Calling My Name,Jameson Rodgers Featuring Luke Combs,,,"['contemporary country', 'country', 'country pop']"
756,756,2021,57,Thot Shit,Megan Thee Stallion,,,"['houston rap', 'pop', 'trap queen']"
757,757,2021,58,Jail,Kanye West,,,"['chicago rap', 'rap']"
758,758,2021,59,Late At Night,Roddy Ricch,,,"['melodic rap', 'rap', 'trap']"
759,759,2021,60,A-O-K,Tai Verdes,,,['modern indie pop']
760,760,2021,61,I Was On A Boat That Day,Old Dominion,,,"['contemporary country', 'country', 'country road']"
761,761,2021,62,Wockesha,Moneybagg Yo,,,"['hip hop', 'memphis hip hop', 'rap', 'southern hip hop', 'tennessee hip hop', 'trap']"
762,762,2021,63,Sharing Locations,Meek Mill Featuring Lil Baby & Lil Durk,,,"['hip hop', 'philly rap', 'pop rap', 'rap', 'southern hip hop', 'trap']"
763,763,2021,64,Every Chance I Get,DJ Khaled Featuring Lil Baby & Lil Durk,,,"['dirty south rap', 'hip hop', 'miami hip hop', 'pop', 'pop rap', 'rap', 'southern hip hop', 'trap']"
764,764,2021,65,Ok Ok,Kanye West,,,"['chicago rap', 'rap']"
765,765,2021,66,Praise God,Kanye West,,,"['chicago rap', 'rap']"
766,766,2021,67,Skate,Silk Sonic (Bruno Mars & Anderson .Paak),,,"['dance pop', 'pop']"
767,767,2021,68,Whole Lotta Money,BIA Featuring Nicki Minaj,,,"['escape room', 'pop', 'r&b', 'rap latina', 'trap queen']"
768,768,2021,69,Love Again,Dua Lipa,,,"['dance pop', 'pop', 'uk pop']"
769,769,2021,70,Memory I Don't Mess With,Lee Brice,,,"['contemporary country', 'country', 'country road', 'modern country rock']"
770,770,2021,71,Drinkin' Beer. Talkin' God. Amen.,Chase Rice Featuring Florida Georgia Line,,,"['contemporary country', 'country', 'country road', 'modern country rock']"
771,771,2021,72,You Time,Scotty McCreery,,,"['contemporary country', 'country', 'country road', 'modern country rock']"
772,772,2021,73,Todo de Ti,Rauw Alejandro,,,"['puerto rican pop', 'trap latino']"
773,773,2021,74,Buy Dirt,Jordan Davis Featuring Luke Bryan,,,['contemporary country']
774,774,2021,75,2055,Sleepy Hallow,,,"['brooklyn drill', 'nyc rap']"
775,775,2021,76,Cold As You,Luke Combs,,,"['contemporary country', 'country']"
776,776,2021,77,Volvi,Aventura x Bad Bunny,,,"['bachata', 'bachata dominicana', 'latin', 'latin hip hop', 'latin pop', 'trap latino', 'tropical']"
777,777,2021,78,Junya,Kanye West,,,"['chicago rap', 'rap']"
778,778,2021,79,Drunk (And I Don't Wanna Go Home),Elle King & Miranda Lambert,,,['modern blues rock']
779,779,2021,80,Woman,Doja Cat,,,"['dance pop', 'pop']"
780,780,2021,81,We Didn't Have Much,Justin Moore,,,"['arkansas country', 'contemporary country', 'country', 'country road', 'modern country rock', 'redneck']"
781,781,2021,82,Gyalis,Capella Grey,,,['pop rap']
782,782,2021,83,Wild Side,Normani Featuring Cardi B,,,"['dance pop', 'pop', 'post-teen pop', 'r&b', 'urban contemporary']"
783,783,2021,84,Yonaguni,Bad Bunny,,,"['latin', 'reggaeton', 'trap latino']"
784,784,2021,85,Believe What I Say,Kanye West,,,"['chicago rap', 'rap']"
785,785,2021,86,Memory,Kane Brown X blackbear,,,"['black americana', 'contemporary country', 'country road']"
786,786,2021,87,Blue Note$ II,Meek Mill Featuring Lil Uzi Vert,,,[]
787,787,2021,88,Get Into It (Yuh),Doja Cat,,,"['dance pop', 'pop']"
788,788,2021,89,My Boy,Elvie Shane,,,"['art pop', 'electropop', 'pop']"
789,789,2021,90,Single Saturday Night,Cole Swindell,,,"['contemporary country', 'country', 'country road', 'modern country rock']"
790,790,2021,91,Jonah,Kanye West,,,"['chicago rap', 'rap']"
791,791,2021,92,You Should Probably Leave,Chris Stapleton,,,"['contemporary country', 'outlaw country']"
792,792,2021,93,Don't Go Yet,Camila Cabello,,,"['dance pop', 'pop', 'post-teen pop']"
793,793,2021,94,Thinking 'Bout You,Dustin Lynch Featuring Lauren Alaina Or MacKenzie Porter,,,"['contemporary country', 'country', 'country road', 'modern country rock']"
794,794,2021,95,Jesus Lord,Kanye West,,,"['chicago rap', 'rap']"
795,795,2021,96,Summer Of Love,Shawn Mendes & Tainy,,,"['canadian pop', 'dance pop', 'pop', 'viral pop']"
796,796,2021,97,Ain't Shit,Doja Cat,,,"['dance pop', 'pop']"
797,797,2021,98,Motley Crew,Post Malone,,,"['dfw rap', 'melodic rap', 'rap']"
798,798,2021,99,Remote Control,Kanye West,,,"['chicago rap', 'rap']"
799,799,2021,100,Baddest,"Yung Bleu, Chris Brown & 2 Chainz",,,"['alabama rap', 'pop r&b', 'pop rap', 'r&b', 'trap']"
800,800,2021,1,Butter,BTS,,,"['k-pop', 'k-pop boy group']"
801,801,2021,2,Stay,The Kid LAROI & Justin Bieber,,,['australian hip hop']
802,802,2021,3,Bad Habits,Ed Sheeran,,,"['pop', 'uk pop']"
803,803,2021,4,Good 4 U,Olivia Rodrigo,,,['pop']
804,804,2021,5,Kiss Me More,Doja Cat Featuring SZA,,,"['dance pop', 'pop']"
805,805,2021,6,Hurricane,Kanye West,,,"['chicago rap', 'rap']"
806,806,2021,7,Industry Baby,Lil Nas X & Jack Harlow,,,"['lgbtq+ hip hop', 'pop']"
807,807,2021,8,Levitating,Dua Lipa,,,"['dance pop', 'pop', 'uk pop']"
808,808,2021,9,Fancy Like,Walker Hayes,,,"['contemporary country', 'country', 'country road', 'modern country rock']"
809,809,2021,10,Jail,Kanye West,,,"['chicago rap', 'rap']"
810,810,2021,11,Off The Grid,Kanye West,,,"['chicago rap', 'rap']"
811,811,2021,12,Ok Ok,Kanye West,,,"['chicago rap', 'rap']"
812,812,2021,13,Deja Vu,Olivia Rodrigo,,,['pop']
813,813,2021,14,Save Your Tears,The Weeknd & Ariana Grande,,,"['canadian contemporary r&b', 'canadian pop', 'pop']"
814,814,2021,15,Montero (Call Me By Your Name),Lil Nas X,,,"['lgbtq+ hip hop', 'pop']"
815,815,2021,16,Junya,Kanye West,,,"['chicago rap', 'rap']"
816,816,2021,17,Moon,Kanye West,,,"['chicago rap', 'rap']"
817,817,2021,18,Family Ties,Baby Keem & Kendrick Lamar,,,"['hip hop', 'rap']"
818,818,2021,19,Essence,Wizkid Featuring Justin Bieber & Tems,,,"['afro dancehall', 'afropop', 'azonto', 'nigerian hip hop', 'nigerian pop']"
819,819,2021,20,Praise God,Kanye West,,,"['chicago rap', 'rap']"
820,820,2021,21,You Right,Doja Cat & The Weeknd,,,"['dance pop', 'pop']"
821,821,2021,22,Sharing Locations,Meek Mill Featuring Lil Baby & Lil Durk,,,"['hip hop', 'philly rap', 'pop rap', 'rap', 'southern hip hop', 'trap']"
822,822,2021,23,Heat Waves,Glass Animals,,,"['gauze pop', 'indietronica', 'shiver pop']"
823,823,2021,24,Need To Know,Doja Cat,,,"['dance pop', 'pop']"
824,824,2021,25,Take My Breath,The Weeknd,,,"['canadian contemporary r&b', 'canadian pop', 'pop']"
825,825,2021,26,Jesus Lord,Kanye West,,,"['chicago rap', 'rap']"
826,826,2021,27,Jonah,Kanye West,,,"['chicago rap', 'rap']"
827,827,2021,28,Believe What I Say,Kanye West,,,"['chicago rap', 'rap']"
828,828,2021,29,Leave The Door Open,Silk Sonic (Bruno Mars & Anderson .Paak),,,"['dance pop', 'pop']"
829,829,2021,30,God Breathed,Kanye West,,,"['chicago rap', 'rap']"
830,830,2021,31,Peaches,Justin Bieber Featuring Daniel Caesar & Giveon,,,"['canadian pop', 'pop']"
831,831,2021,32,Rumors,Lizzo Featuring Cardi B,,,"['dance pop', 'escape room', 'minnesota hip hop', 'pop', 'trap queen']"
832,832,2021,33,Leave Before You Love Me,Marshmello X Jonas Brothers,,,"['brostep', 'edm', 'pop', 'pop dance', 'progressive electro house']"
833,833,2021,34,Heartbreak Anniversary,Giveon,,,"['pop', 'r&b']"
834,834,2021,35,Beggin',Maneskin,,,"['indie rock italiano', 'italian pop']"
835,835,2021,36,Pepas,Farruko,,,"['latin', 'reggaeton', 'trap latino']"
836,836,2021,37,Waves,Luke Bryan,,,"['chicago rap', 'rap']"
837,837,2021,38,Happier Than Ever,Billie Eilish,,,"['art pop', 'electropop', 'pop']"
838,838,2021,39,Traitor,Olivia Rodrigo,,,['pop']
839,839,2021,40,Remote Control,Kanye West,,,"['chicago rap', 'rap']"
840,840,2021,41,Forever After All,Luke Combs,,,"['contemporary country', 'country']"
841,841,2021,42,Heaven And Hell,Kanye West,,,"['chicago rap', 'rap']"
842,842,2021,43,24,Kanye West,,,"['chicago rap', 'rap']"
843,843,2021,44,Arcade,Duncan Laurence,,,['dutch pop']
844,844,2021,45,Things A Man Oughta Know,Lainey Wilson,,,"['contemporary country', 'country pop']"
845,845,2021,46,Thot Shit,Megan Thee Stallion,,,"['houston rap', 'pop', 'trap queen']"
846,846,2021,47,Chasing After You,Ryan Hurd With Maren Morris,,,"['contemporary country', 'country pop']"
847,847,2021,48,Late At Night,Roddy Ricch,,,"['melodic rap', 'rap', 'trap']"
848,848,2021,49,Every Chance I Get,DJ Khaled Featuring Lil Baby & Lil Durk,,,"['dirty south rap', 'hip hop', 'miami hip hop', 'pop', 'pop rap', 'rap', 'southern hip hop', 'trap']"
849,849,2021,50,If I Didn't Love You,Jason Aldean & Carrie Underwood,,,"['contemporary country', 'country', 'country road']"
850,850,2021,51,Country Again,Thomas Rhett,,,"['contemporary country', 'country', 'country road', 'modern country rock']"
851,851,2021,52,Pure Souls,Kanye West,,,"['chicago rap', 'rap']"
852,852,2021,53,No Child Left Behind,Kanye West,,,"['chicago rap', 'rap']"
853,853,2021,54,Wockesha,Moneybagg Yo,,,"['hip hop', 'memphis hip hop', 'rap', 'southern hip hop', 'tennessee hip hop', 'trap']"
854,854,2021,55,Cold Beer Calling My Name,Jameson Rodgers Featuring Luke Combs,,,"['contemporary country', 'country', 'country pop']"
855,855,2021,56,A-O-K,Tai Verdes,,,['modern indie pop']
856,856,2021,57,Skate,Silk Sonic (Bruno Mars & Anderson .Paak),,,"['dance pop', 'pop']"
857,857,2021,58,Donda,Kanye West,,,"['chicago rap', 'rap']"
858,858,2021,59,Keep My Spirit Alive,Kanye West,,,"['chicago rap', 'rap']"
859,859,2021,60,Whole Lotta Money,BIA Featuring Nicki Minaj,,,"['escape room', 'pop', 'r&b', 'rap latina', 'trap queen']"
860,860,2021,61,Drinkin' Beer. Talkin' God. Amen.,Chase Rice Featuring Florida Georgia Line,,,"['contemporary country', 'country', 'country road', 'modern country rock']"
861,861,2021,62,2055,Sleepy Hallow,,,"['brooklyn drill', 'nyc rap']"
862,862,2021,63,Jail Pt 2,Kanye West,,,"['chicago rap', 'rap']"
863,863,2021,64,"I Am Not A Woman, I'm A God",Halsey,,,"['dance pop', 'electropop', 'etherpop', 'indie poptimism', 'pop']"
864,864,2021,65,We Didn't Have Much,Justin Moore,,,"['arkansas country', 'contemporary country', 'country', 'country road', 'modern country rock', 'redneck']"
865,865,2021,66,Love Again,Dua Lipa,,,"['dance pop', 'pop', 'uk pop']"
866,866,2021,67,I Was On A Boat That Day,Old Dominion,,,"['contemporary country', 'country', 'country road']"
867,867,2021,68,New Again,Kanye West,,,"['chicago rap', 'rap']"
868,868,2021,69,Todo de Ti,Rauw Alejandro,,,"['puerto rican pop', 'trap latino']"
869,869,2021,70,Lord I Need You,Kanye West,,,"['chicago rap', 'rap']"
870,870,2021,71,Wild Side,Normani Featuring Cardi B,,,"['dance pop', 'pop', 'post-teen pop', 'r&b', 'urban contemporary']"
871,871,2021,72,Volvi,Aventura x Bad Bunny,,,"['bachata', 'bachata dominicana', 'latin', 'latin hip hop', 'latin pop', 'trap latino', 'tropical']"
872,872,2021,73,Yonaguni,Bad Bunny,,,"['latin', 'reggaeton', 'trap latino']"
873,873,2021,74,Gyalis,Capella Grey,,,['pop rap']
874,874,2021,75,Memory,Kane Brown X blackbear,,,"['black americana', 'contemporary country', 'country road']"
875,875,2021,76,Woman,Doja Cat,,,"['dance pop', 'pop']"
876,876,2021,77,Come To Life,Kanye West,,,"['chicago rap', 'rap']"
877,877,2021,78,Memory I Don't Mess With,Lee Brice,,,"['contemporary country', 'country', 'country road', 'modern country rock']"
878,878,2021,79,Drunk (And I Don't Wanna Go Home),Elle King & Miranda Lambert,,,['modern blues rock']
879,879,2021,80,Cold As You,Luke Combs,,,"['contemporary country', 'country']"
880,880,2021,81,Get Into It (Yuh),Doja Cat,,,"['dance pop', 'pop']"
881,881,2021,82,You Time,Scotty McCreery,,,"['contemporary country', 'country', 'country road', 'modern country rock']"
882,882,2021,83,Single Saturday Night,Cole Swindell,,,"['contemporary country', 'country', 'country road', 'modern country rock']"
883,883,2021,84,Buy Dirt,Jordan Davis Featuring Luke Bryan,,,['contemporary country']
884,884,2021,85,Summer Of Love,Shawn Mendes & Tainy,,,"['canadian pop', 'dance pop', 'pop', 'viral pop']"
885,885,2021,86,Motley Crew,Post Malone,,,"['dfw rap', 'melodic rap', 'rap']"
886,886,2021,87,My Boy,Elvie Shane,,,"['art pop', 'electropop', 'pop']"
887,887,2021,88,Ain't Shit,Doja Cat,,,"['dance pop', 'pop']"
888,888,2021,89,Don't Go Yet,Camila Cabello,,,"['dance pop', 'pop', 'post-teen pop']"
889,889,2021,90,Tell The Vision,Kanye West,,,"['chicago rap', 'rap']"
890,890,2021,91,You Should Probably Leave,Chris Stapleton,,,"['contemporary country', 'outlaw country']"
891,891,2021,92,Come Through,H.E.R. Featuring Chris Brown,,,['melodic rap']
892,892,2021,93,Thinking 'Bout You,Dustin Lynch Featuring Lauren Alaina Or MacKenzie Porter,,,"['contemporary country', 'country', 'country road', 'modern country rock']"
893,893,2021,94,Baddest,"Yung Bleu, Chris Brown & 2 Chainz",,,"['alabama rap', 'pop r&b', 'pop rap', 'r&b', 'trap']"
894,894,2021,95,Knowing You,Kenny Chesney,,,"['contemporary country', 'country', 'country road']"
895,895,2021,96,In Da Getto,J Balvin & Skrillex,,,"['latin', 'reggaeton', 'reggaeton colombiano', 'trap latino']"
896,896,2021,97,Brutal,Olivia Rodrigo,,,['pop']
897,897,2021,98,AM,Nio Garcia X J Balvin X Bad Bunny,,,"['hip hop', 'memphis hip hop', 'rap', 'southern hip hop', 'tennessee hip hop', 'trap']"
898,898,2021,99,Repeat It,Lil Tecca & Gunna,,,"['melodic rap', 'rap']"
899,899,2021,100,Matt Hardy 999,Trippie Redd Featuring Juice WRLD,,,"['melodic rap', 'rap', 'trap']"
900,900,2021,1,Stay,The Kid LAROI & Justin Bieber,,,['australian hip hop']
901,901,2021,2,Bad Habits,Ed Sheeran,,,"['pop', 'uk pop']"
902,902,2021,3,Good 4 U,Olivia Rodrigo,,,['pop']
903,903,2021,4,Kiss Me More,Doja Cat Featuring SZA,,,"['dance pop', 'pop']"
904,904,2021,5,Industry Baby,Lil Nas X & Jack Harlow,,,"['lgbtq+ hip hop', 'pop']"
905,905,2021,6,Levitating,Dua Lipa,,,"['dance pop', 'pop', 'uk pop']"
906,906,2021,7,Butter,BTS,,,"['k-pop', 'k-pop boy group']"
907,907,2021,8,Deja Vu,Olivia Rodrigo,,,['pop']
908,908,2021,9,Montero (Call Me By Your Name),Lil Nas X,,,"['lgbtq+ hip hop', 'pop']"
909,909,2021,10,Save Your Tears,The Weeknd & Ariana Grande,,,"['canadian contemporary r&b', 'canadian pop', 'pop']"
910,910,2021,11,Fancy Like,Walker Hayes,,,"['contemporary country', 'country', 'country road', 'modern country rock']"
911,911,2021,12,You Right,Doja Cat & The Weeknd,,,"['dance pop', 'pop']"
912,912,2021,13,Essence,Wizkid Featuring Justin Bieber & Tems,,,"['afro dancehall', 'afropop', 'azonto', 'nigerian hip hop', 'nigerian pop']"
913,913,2021,14,Need To Know,Doja Cat,,,"['dance pop', 'pop']"
914,914,2021,15,Leave The Door Open,Silk Sonic (Bruno Mars & Anderson .Paak),,,"['dance pop', 'pop']"
915,915,2021,16,Take My Breath,The Weeknd,,,"['canadian contemporary r&b', 'canadian pop', 'pop']"
916,916,2021,17,Rumors,Lizzo Featuring Cardi B,,,"['dance pop', 'escape room', 'minnesota hip hop', 'pop', 'trap queen']"
917,917,2021,18,Peaches,Justin Bieber Featuring Daniel Caesar & Giveon,,,"['canadian pop', 'pop']"
918,918,2021,19,Heartbreak Anniversary,Giveon,,,"['pop', 'r&b']"
919,919,2021,20,Blinding Lights,The Weeknd,,,"['canadian contemporary r&b', 'canadian pop', 'pop']"
920,920,2021,21,Leave Before You Love Me,Marshmello X Jonas Brothers,,,"['brostep', 'edm', 'pop', 'pop dance', 'progressive electro house']"
921,921,2021,22,Happier Than Ever,Billie Eilish,,,"['art pop', 'electropop', 'pop']"
922,922,2021,23,Forever After All,Luke Combs,,,"['contemporary country', 'country']"
923,923,2021,24,Waves,Luke Bryan,,,"['chicago rap', 'rap']"
924,924,2021,25,Every Chance I Get,DJ Khaled Featuring Lil Baby & Lil Durk,,,"['dirty south rap', 'hip hop', 'miami hip hop', 'pop', 'pop rap', 'rap', 'southern hip hop', 'trap']"
925,925,2021,26,Pepas,Farruko,,,"['latin', 'reggaeton', 'trap latino']"
926,926,2021,27,Thot Shit,Megan Thee Stallion,,,"['houston rap', 'pop', 'trap queen']"
927,927,2021,28,Traitor,Olivia Rodrigo,,,['pop']
928,928,2021,29,Beggin',Maneskin,,,"['indie rock italiano', 'italian pop']"
929,929,2021,30,Arcade,Duncan Laurence,,,['dutch pop']
930,930,2021,31,Late At Night,Roddy Ricch,,,"['melodic rap', 'rap', 'trap']"
931,931,2021,32,Things A Man Oughta Know,Lainey Wilson,,,"['contemporary country', 'country pop']"
932,932,2021,33,Heat Waves,Glass Animals,,,"['gauze pop', 'indietronica', 'shiver pop']"
933,933,2021,34,Chasing After You,Ryan Hurd With Maren Morris,,,"['contemporary country', 'country pop']"
934,934,2021,35,Wockesha,Moneybagg Yo,,,"['hip hop', 'memphis hip hop', 'rap', 'southern hip hop', 'tennessee hip hop', 'trap']"
935,935,2021,36,Glad You Exist,Dan + Shay,,,"['contemporary country', 'country', 'pop']"
936,936,2021,37,Without You,The Kid LAROI,,,['australian hip hop']
937,937,2021,38,Skate,Silk Sonic (Bruno Mars & Anderson .Paak),,,"['dance pop', 'pop']"
938,938,2021,39,Astronaut In The Ocean,Masked Wolf,,,['australian hip hop']
939,939,2021,40,Rapstar,Polo G,,,['chicago rap']
940,940,2021,41,We Didn't Have Much,Justin Moore,,,"['arkansas country', 'contemporary country', 'country', 'country road', 'modern country rock', 'redneck']"
941,941,2021,42,Country Again,Thomas Rhett,,,"['contemporary country', 'country', 'country road', 'modern country rock']"
942,942,2021,43,Famous Friends,Chris Young + Kane Brown,,,"['contemporary country', 'country', 'country road', 'modern country rock']"
943,943,2021,44,If I Didn't Love You,Jason Aldean & Carrie Underwood,,,"['contemporary country', 'country', 'country road']"
944,944,2021,45,Cold Beer Calling My Name,Jameson Rodgers Featuring Luke Combs,,,"['contemporary country', 'country', 'country pop']"
945,945,2021,46,Lil Bit,Nelly & Florida Georgia Line,,,"['dance pop', 'hip hop', 'pop rap', 'rap', 'southern hip hop', 'st louis rap', 'urban contemporary']"
946,946,2021,47,Beautiful Mistakes,Maroon 5 Featuring Megan Thee Stallion,,,"['pop', 'pop rock']"
947,947,2021,48,Summer Of Love,Shawn Mendes & Tainy,,,"['canadian pop', 'dance pop', 'pop', 'viral pop']"
948,948,2021,49,Matt Hardy 999,Trippie Redd Featuring Juice WRLD,,,"['melodic rap', 'rap', 'trap']"
949,949,2021,50,Whole Lotta Money,BIA Featuring Nicki Minaj,,,"['escape room', 'pop', 'r&b', 'rap latina', 'trap queen']"
950,950,2021,51,2055,Sleepy Hallow,,,"['brooklyn drill', 'nyc rap']"
951,951,2021,52,A-O-K,Tai Verdes,,,['modern indie pop']
952,952,2021,53,Drinkin' Beer. Talkin' God. Amen.,Chase Rice Featuring Florida Georgia Line,,,"['contemporary country', 'country', 'country road', 'modern country rock']"
953,953,2021,54,Love Again,Dua Lipa,,,"['dance pop', 'pop', 'uk pop']"
954,954,2021,55,Volvi,Aventura x Bad Bunny,,,"['bachata', 'bachata dominicana', 'latin', 'latin hip hop', 'latin pop', 'trap latino', 'tropical']"
955,955,2021,56,Rich MF,Trippie Redd Featuring Lil Durk & Polo G,,,"['melodic rap', 'rap', 'trap']"
956,956,2021,57,Todo de Ti,Rauw Alejandro,,,"['puerto rican pop', 'trap latino']"
957,957,2021,58,Yonaguni,Bad Bunny,,,"['latin', 'reggaeton', 'trap latino']"
958,958,2021,59,Wild Side,Normani Featuring Cardi B,,,"['dance pop', 'pop', 'post-teen pop', 'r&b', 'urban contemporary']"
959,959,2021,60,Already Won,Rod Wave Featuring Lil Durk,,,['florida rap']
960,960,2021,61,Single Saturday Night,Cole Swindell,,,"['contemporary country', 'country', 'country road', 'modern country rock']"
961,961,2021,62,Drunk (And I Don't Wanna Go Home),Elle King & Miranda Lambert,,,['modern blues rock']
962,962,2021,63,I Was On A Boat That Day,Old Dominion,,,"['contemporary country', 'country', 'country road']"
963,963,2021,64,Motley Crew,Post Malone,,,"['dfw rap', 'melodic rap', 'rap']"
964,964,2021,65,Ain't Shit,Doja Cat,,,"['dance pop', 'pop']"
965,965,2021,66,Memory,Kane Brown X blackbear,,,"['black americana', 'contemporary country', 'country road']"
966,966,2021,67,Betrayal,Trippie Redd Featuring Drake,,,"['melodic rap', 'rap', 'trap']"
967,967,2021,68,Get Into It (Yuh),Doja Cat,,,"['dance pop', 'pop']"
968,968,2021,69,Don't Go,"Skrillex, Justin Bieber & Don Toliver",,,"['dance pop', 'pop', 'post-teen pop']"
969,969,2021,70,Woman,Doja Cat,,,"['dance pop', 'pop']"
970,970,2021,71,Don't Go Yet,Camila Cabello,,,"['dance pop', 'pop', 'post-teen pop']"
971,971,2021,72,Tombstone,Rod Wave,,,['florida rap']
972,972,2021,73,One Mississippi,Kane Brown,,,"['black americana', 'contemporary country', 'country road']"
973,973,2021,74,Gyalis,Capella Grey,,,['pop rap']
974,974,2021,75,Visiting Hours,Ed Sheeran,,,"['pop', 'uk pop']"
975,975,2021,76,You Should Probably Leave,Chris Stapleton,,,"['contemporary country', 'outlaw country']"
976,976,2021,77,Memory I Don't Mess With,Lee Brice,,,"['contemporary country', 'country', 'country road', 'modern country rock']"
977,977,2021,78,Holy Smokes,Trippie Redd Featuring Lil Uzi Vert,,,"['melodic rap', 'rap', 'trap']"
978,978,2021,79,Miss The Rage,Trippie Redd & Playboi Carti,,,"['melodic rap', 'rap', 'trap']"
979,979,2021,80,Cold As You,Luke Combs,,,"['contemporary country', 'country']"
980,980,2021,81,My Boy,Elvie Shane,,,"['art pop', 'electropop', 'pop']"
981,981,2021,82,You,Regard x Troye Sivan x Tate McRae,,,"['dance pop', 'pop']"
982,982,2021,83,Come Through,H.E.R. Featuring Chris Brown,,,['melodic rap']
983,983,2021,84,Buy Dirt,Jordan Davis Featuring Luke Bryan,,,['contemporary country']
984,984,2021,85,You Time,Scotty McCreery,,,"['contemporary country', 'country', 'country road', 'modern country rock']"
985,985,2021,86,MP5,Trippie Redd Featuring SoFaygo,,,"['melodic rap', 'rap', 'trap']"
986,986,2021,87,Paralyzed,Sueco,,,"['cali rap', 'pop rap']"
987,987,2021,88,Baddest,"Yung Bleu, Chris Brown & 2 Chainz",,,"['alabama rap', 'pop r&b', 'pop rap', 'r&b', 'trap']"
988,988,2021,89,Brutal,Olivia Rodrigo,,,['pop']
989,989,2021,90,I Guess I'm In Love,Clinton Kane,,,"['alt z', 'gen z singer-songwriter', 'pop']"
990,990,2021,91,Get Ready,Rod Wave Featuring Kodak Black,,,"['brill building pop', 'classic soul', 'funk', 'memphis soul', 'motown', 'soul']"
991,991,2021,92,Danny Phantom,Trippie Redd Featuring XXXTENTACION,,,"['melodic rap', 'rap', 'trap']"
992,992,2021,93,What's Wrong,Rod Wave,,,['florida rap']
993,993,2021,94,Demon Time,Trippie Redd Featuring Ski Mask The Slump God,,,"['melodic rap', 'rap', 'trap']"
994,994,2021,95,Knowing You,Kenny Chesney,,,"['contemporary country', 'country', 'country road']"
995,995,2021,96,Tick Tock,Young Thug,,,"['atl hip hop', 'atl trap', 'gangster rap', 'hip hop', 'melodic rap', 'pop rap', 'rap', 'trap']"
996,996,2021,97,Permission To Dance,BTS,,,"['k-pop', 'k-pop boy group']"
997,997,2021,98,AM,Nio Garcia X J Balvin X Bad Bunny,,,"['hip hop', 'memphis hip hop', 'rap', 'southern hip hop', 'tennessee hip hop', 'trap']"
998,998,2021,99,Time Heals,Rod Wave,,,['florida rap']
999,999,2021,100,Thinking 'Bout You,Dustin Lynch Featuring Lauren Alaina Or MacKenzie Porter,,,"['contemporary country', 'country', 'country road', 'modern country rock']"
